"../../../Engine/Plugins/Interchange/Runtime/Content/Pipelines/DefaultTexturePipeline.uasset" 0
"../../../Engine/Plugins/Interchange/Runtime/Content/Pipelines/DefaultTexturePipeline.uexp" 1
"../../../Engine/Plugins/Interchange/Runtime/Content/Pipelines/DefaultSceneLevelPipeline.uasset" 2
"../../../Engine/Plugins/Interchange/Runtime/Content/Pipelines/DefaultSceneLevelPipeline.uexp" 3
"../../../Engine/Plugins/Interchange/Runtime/Content/Pipelines/DefaultSceneAssetsPipeline.uasset" 4
"../../../Engine/Plugins/Interchange/Runtime/Content/Pipelines/DefaultSceneAssetsPipeline.uexp" 5
"../../../Engine/Plugins/Interchange/Runtime/Content/Pipelines/DefaultMaterialXPipeline.uasset" 6
"../../../Engine/Plugins/Interchange/Runtime/Content/Pipelines/DefaultMaterialXPipeline.uexp" 7
"../../../Engine/Plugins/Interchange/Runtime/Content/Pipelines/DefaultMaterialPipeline.uasset" 8
"../../../Engine/Plugins/Interchange/Runtime/Content/Pipelines/DefaultMaterialPipeline.uexp" 9
"../../../Engine/Plugins/Interchange/Runtime/Content/Pipelines/DefaultGLTFSceneAssetsPipeline.uasset" 10
"../../../Engine/Plugins/Interchange/Runtime/Content/Pipelines/DefaultGLTFSceneAssetsPipeline.uexp" 11
"../../../Engine/Plugins/Interchange/Runtime/Content/Pipelines/DefaultGLTFPipeline.uasset" 12
"../../../Engine/Plugins/Interchange/Runtime/Content/Pipelines/DefaultGLTFPipeline.uexp" 13
"../../../Engine/Plugins/Interchange/Runtime/Content/Pipelines/DefaultGLTFAssetsPipeline.uasset" 14
"../../../Engine/Plugins/Interchange/Runtime/Content/Pipelines/DefaultGLTFAssetsPipeline.uexp" 15
"../../../Engine/Plugins/Interchange/Runtime/Content/Pipelines/DefaultAssetsPipeline.uasset" 16
"../../../Engine/Plugins/Interchange/Runtime/Content/Pipelines/DefaultAssetsPipeline.uexp" 17
"../../../Engine/Plugins/Animation/ControlRig/Content/Controls/DefaultGizmoLibraryNormalized.uasset" 18
"../../../Engine/Plugins/Animation/ControlRig/Content/Controls/DefaultGizmoLibraryNormalized.uexp" 19
"../../../Engine/Plugins/Animation/ACLPlugin/Content/ACLAnimCurveCompressionSettings.uasset" 20
"../../../Engine/Plugins/Animation/ACLPlugin/Content/ACLAnimCurveCompressionSettings.uexp" 21
"../../../Engine/Plugins/Animation/ACLPlugin/Content/ACLAnimBoneCompressionSettings.uasset" 22
"../../../Engine/Plugins/Animation/ACLPlugin/Content/ACLAnimBoneCompressionSettings.uexp" 23
"../../../Engine/Plugins/2D/Paper2D/Content/PlaceholderTextures/DummySpriteTexture.ubulk" 24
"../../../Engine/Plugins/2D/Paper2D/Content/PlaceholderTextures/DummySpriteTexture.uasset" 25
"../../../Engine/Plugins/2D/Paper2D/Content/PlaceholderTextures/DummySpriteTexture.uexp" 26
"../../../Engine/Plugins/2D/Paper2D/Content/DummySprite.uasset" 27
"../../../Engine/Plugins/2D/Paper2D/Content/DummySprite.uexp" 28
"../../../Engine/Plugins/2D/Paper2D/Content/DefaultPaperTerrainMaterial.uasset" 29
"../../../Engine/Plugins/2D/Paper2D/Content/DefaultPaperTerrainMaterial.uexp" 30
"../../../Engine/Content/EngineSounds/Master.uasset" 31
"../../../Engine/Content/EngineSounds/Master.uexp" 32
"../../../Engine/Content/EngineMaterials/DefaultPhysicalMaterial.uasset" 33
"../../../Engine/Content/EngineMaterials/DefaultPhysicalMaterial.uexp" 34
"../../../Engine/Content/EngineMaterials/DefaultDestructiblePhysicalMaterial.uasset" 35
"../../../Engine/Content/EngineMaterials/DefaultDestructiblePhysicalMaterial.uexp" 36
"../../../Engine/Content/EngineFonts/Faces/RobotoLight.uexp" 37
"../../../Engine/Content/EngineFonts/Faces/RobotoLight.uasset" 38
"../../../Engine/Content/EngineFonts/Faces/RobotoLight.ufont" 39
"../../../Engine/Content/EngineFonts/Faces/RobotoBold.uexp" 40
"../../../Engine/Content/EngineFonts/Faces/RobotoBold.uasset" 41
"../../../Engine/Content/EngineFonts/Faces/RobotoBold.ufont" 42
"../../../Engine/Content/EngineFonts/Faces/RobotoRegular.uexp" 43
"../../../Engine/Content/EngineFonts/Faces/RobotoRegular.uasset" 44
"../../../Engine/Content/EngineFonts/Faces/RobotoRegular.ufont" 45
"../../../Engine/Content/EngineFonts/Faces/DroidSansFallback.uexp" 46
"../../../Engine/Content/EngineFonts/Faces/DroidSansFallback.uasset" 47
"../../../Engine/Content/EngineFonts/Faces/DroidSansFallback.ufont" 48
"../../../Engine/Content/EngineFonts/Faces/RobotoItalic.uexp" 49
"../../../Engine/Content/EngineFonts/Faces/RobotoItalic.uasset" 50
"../../../Engine/Content/EngineFonts/Faces/RobotoItalic.ufont" 51
"../../../Engine/Content/EngineFonts/Faces/RobotoBoldItalic.uexp" 52
"../../../Engine/Content/EngineFonts/Faces/RobotoBoldItalic.uasset" 53
"../../../Engine/Content/EngineFonts/Faces/RobotoBoldItalic.ufont" 54
"../../../Engine/Content/EngineFonts/Roboto.uasset" 55
"../../../Engine/Content/EngineFonts/Roboto.uexp" 56
"../../../Engine/Content/MobileResources/HUD/VirtualJoystick_Background.uasset" 57
"../../../Engine/Content/MobileResources/HUD/VirtualJoystick_Background.uexp" 58
"../../../Engine/Content/MobileResources/HUD/VirtualJoystick_Thumb.uasset" 59
"../../../Engine/Content/MobileResources/HUD/VirtualJoystick_Thumb.uexp" 60
"../../../Engine/Content/MobileResources/HUD/DefaultVirtualJoysticks.uasset" 61
"../../../Engine/Content/MobileResources/HUD/DefaultVirtualJoysticks.uexp" 62
"../../../Engine/Content/EditorResources/S_Actor.ubulk" 63
"../../../Engine/Content/EditorResources/S_Actor.uasset" 64
"../../../Engine/Content/EditorResources/S_Actor.uexp" 65
"../../../Engine/Content/EditorResources/S_BoxReflectionCapture.uasset" 66
"../../../Engine/Content/EditorResources/S_BoxReflectionCapture.uexp" 67
"../../../Engine/Content/EngineResources/DefaultTextureCube.uasset" 68
"../../../Engine/Content/EngineResources/DefaultTextureCube.uexp" 69
"../../../Engine/Content/EngineResources/DefaultVolumeTexture2D.uasset" 70
"../../../Engine/Content/EngineResources/DefaultVolumeTexture2D.uexp" 71
"../../../Engine/Content/EngineResources/DefaultVolumeTexture.uasset" 72
"../../../Engine/Content/EngineResources/DefaultVolumeTexture.uexp" 73
"../../../Engine/Content/EditorResources/S_Trigger.ubulk" 74
"../../../Engine/Content/EditorResources/S_Trigger.uasset" 75
"../../../Engine/Content/EditorResources/S_Trigger.uexp" 76
"../../../Engine/Content/EditorResources/S_TriggerBox.uasset" 77
"../../../Engine/Content/EditorResources/S_TriggerBox.uexp" 78
"../../../Engine/Content/EditorResources/S_TriggerCapsule.uasset" 79
"../../../Engine/Content/EditorResources/S_TriggerCapsule.uexp" 80
"../../../Engine/Content/EditorResources/S_TriggerSphere.uasset" 81
"../../../Engine/Content/EditorResources/S_TriggerSphere.uexp" 82
"../../../Engine/Plugins/Runtime/MeshModelingToolset/Content/Materials/M_DynamicMeshComponentVtxColor.uasset" 83
"../../../Engine/Plugins/Runtime/MeshModelingToolset/Content/Materials/M_DynamicMeshComponentVtxColor.uexp" 84
"../../../Engine/Plugins/Runtime/HairStrands/Content/Materials/HairMeshesDefaultMaterial.uasset" 85
"../../../Engine/Plugins/Runtime/HairStrands/Content/Materials/HairMeshesDefaultMaterial.uexp" 86
"../../../Engine/Plugins/Runtime/HairStrands/Content/Materials/HairDefaultMaterial.uasset" 87
"../../../Engine/Plugins/Runtime/HairStrands/Content/Materials/HairDefaultMaterial.uexp" 88
"../../../Engine/Plugins/Runtime/HairStrands/Content/Materials/HairGroupColors.uasset" 89
"../../../Engine/Plugins/Runtime/HairStrands/Content/Materials/HairGroupColors.uexp" 90
"../../../Engine/Content/Functions/Engine_MaterialFunctions02/Utility/MakeFloat2.uasset" 91
"../../../Engine/Content/Functions/Engine_MaterialFunctions02/Utility/MakeFloat2.uexp" 92
"../../../Engine/Content/Functions/Engine_MaterialFunctions02/Utility/MakeFloat3.uasset" 93
"../../../Engine/Content/Functions/Engine_MaterialFunctions02/Utility/MakeFloat3.uexp" 94
"../../../Engine/Content/EngineMaterials/HairColorMap.uasset" 95
"../../../Engine/Content/EngineMaterials/HairColorMap.uexp" 96
"../../../Engine/Content/EngineMaterials/HairDebugColor.uasset" 97
"../../../Engine/Content/EngineMaterials/HairDebugColor.uexp" 98
"../../../Engine/Plugins/Runtime/HairStrands/Content/Materials/HairDebugMaterial.uasset" 99
"../../../Engine/Plugins/Runtime/HairStrands/Content/Materials/HairDebugMaterial.uexp" 100
"../../../Engine/Plugins/Runtime/HairStrands/Content/Materials/HairCardsDefaultMaterial.uasset" 101
"../../../Engine/Plugins/Runtime/HairStrands/Content/Materials/HairCardsDefaultMaterial.uexp" 102
"../../../Engine/Plugins/Runtime/AudioWidgets/Content/Resources/ScrubHandleDown_Clamped.uasset" 103
"../../../Engine/Plugins/Runtime/AudioWidgets/Content/Resources/ScrubHandleDown_Clamped.uexp" 104
"../../../Engine/Plugins/NNE/NNEDenoiser/Content/NNEDTOM_Output_Default.uasset" 105
"../../../Engine/Plugins/NNE/NNEDenoiser/Content/NNEDTOM_Output_Default.uexp" 106
"../../../Engine/Plugins/NNE/NNEDenoiser/Content/NNEDTOM_Output_Alpha.uasset" 107
"../../../Engine/Plugins/NNE/NNEDenoiser/Content/NNEDTOM_Output_Alpha.uexp" 108
"../../../Engine/Plugins/NNE/NNEDenoiser/Content/NNEDTIM_ColorAlbedoNormal_Default.uasset" 109
"../../../Engine/Plugins/NNE/NNEDenoiser/Content/NNEDTIM_ColorAlbedoNormal_Default.uexp" 110
"../../../Engine/Plugins/NNE/NNEDenoiser/Content/NNEDTIM_ColorAlbedoNormal_Alpha.uasset" 111
"../../../Engine/Plugins/NNE/NNEDenoiser/Content/NNEDTIM_ColorAlbedoNormal_Alpha.uexp" 112
"../../../Engine/Plugins/NNE/NNEDenoiser/Content/NNEDOM_Output_Default.uasset" 113
"../../../Engine/Plugins/NNE/NNEDenoiser/Content/NNEDOM_Output_Default.uexp" 114
"../../../Engine/Plugins/NNE/NNEDenoiser/Content/NNEDOM_Output_Alpha.uasset" 115
"../../../Engine/Plugins/NNE/NNEDenoiser/Content/NNEDOM_Output_Alpha.uexp" 116
"../../../Engine/Plugins/NNE/NNEDenoiser/Content/NNEDIM_HighQuality_Default.uasset" 117
"../../../Engine/Plugins/NNE/NNEDenoiser/Content/NNEDIM_HighQuality_Default.uexp" 118
"../../../Engine/Plugins/NNE/NNEDenoiser/Content/NNEDIM_HighQuality_Alpha.uasset" 119
"../../../Engine/Plugins/NNE/NNEDenoiser/Content/NNEDIM_HighQuality_Alpha.uexp" 120
"../../../Engine/Plugins/NNE/NNEDenoiser/Content/NNEDIM_ColorAlbedoNormal_Default.uasset" 121
"../../../Engine/Plugins/NNE/NNEDenoiser/Content/NNEDIM_ColorAlbedoNormal_Default.uexp" 122
"../../../Engine/Plugins/NNE/NNEDenoiser/Content/NNEDIM_ColorAlbedoNormal_Alpha.uasset" 123
"../../../Engine/Plugins/NNE/NNEDenoiser/Content/NNEDIM_ColorAlbedoNormal_Alpha.uexp" 124
"../../../Engine/Plugins/Interchange/Assets/Content/Functions/MX_UsdPreviewSurface.uasset" 125
"../../../Engine/Plugins/Interchange/Assets/Content/Functions/MX_UsdPreviewSurface.uexp" 126
"../../../Engine/Plugins/Interchange/Assets/Content/Functions/MX_UniformEDF.uasset" 127
"../../../Engine/Plugins/Interchange/Assets/Content/Functions/MX_UniformEDF.uexp" 128
"../../../Engine/Plugins/Interchange/Assets/Content/Functions/MX_TranslucentBSDF.uasset" 129
"../../../Engine/Plugins/Interchange/Assets/Content/Functions/MX_TranslucentBSDF.uexp" 130
"../../../Engine/Plugins/Interchange/Assets/Content/Functions/MX_ThinFilmBSDF.uasset" 131
"../../../Engine/Plugins/Interchange/Assets/Content/Functions/MX_ThinFilmBSDF.uexp" 132
"../../../Engine/Plugins/Interchange/Assets/Content/Functions/MX_SurfaceUnlit.uasset" 133
"../../../Engine/Plugins/Interchange/Assets/Content/Functions/MX_SurfaceUnlit.uexp" 134
"../../../Engine/Plugins/Interchange/Assets/Content/Functions/MX_Surface.uasset" 135
"../../../Engine/Plugins/Interchange/Assets/Content/Functions/MX_Surface.uexp" 136
"../../../Engine/Plugins/Interchange/Assets/Content/Functions/MX_SubsurfaceBSDF.uasset" 137
"../../../Engine/Plugins/Interchange/Assets/Content/Functions/MX_SubsurfaceBSDF.uexp" 138
"../../../Engine/Plugins/Interchange/Assets/Content/Functions/MX_SheenBSDF.uasset" 139
"../../../Engine/Plugins/Interchange/Assets/Content/Functions/MX_SheenBSDF.uexp" 140
"../../../Engine/Plugins/Interchange/Assets/Content/Functions/MX_OrenNayarBSDF.uasset" 141
"../../../Engine/Plugins/Interchange/Assets/Content/Functions/MX_OrenNayarBSDF.uexp" 142
"../../../Engine/Plugins/Interchange/Assets/Content/Utilities/New_LUT.uasset" 143
"../../../Engine/Plugins/Interchange/Assets/Content/Utilities/New_LUT.uexp" 144
"../../../Engine/Content/Functions/Engine_MaterialFunctions03/Math/RemapValueRange.uasset" 145
"../../../Engine/Content/Functions/Engine_MaterialFunctions03/Math/RemapValueRange.uexp" 146
"../../../Engine/Plugins/Interchange/Assets/Content/Functions/MF_Iridescence.uasset" 147
"../../../Engine/Plugins/Interchange/Assets/Content/Functions/MF_Iridescence.uexp" 148
"../../../Engine/Plugins/Interchange/Assets/Content/Functions/MX_StandardSurface.uasset" 149
"../../../Engine/Plugins/Interchange/Assets/Content/Functions/MX_StandardSurface.uexp" 150
"../../../Engine/Plugins/Interchange/Assets/Content/Functions/MX_TransmissionSurface.uasset" 151
"../../../Engine/Plugins/Interchange/Assets/Content/Functions/MX_TransmissionSurface.uexp" 152
"../../../Engine/Plugins/Interchange/Assets/Content/Functions/MX_OpenPBR_Translucent.uasset" 153
"../../../Engine/Plugins/Interchange/Assets/Content/Functions/MX_OpenPBR_Translucent.uexp" 154
"../../../Engine/Plugins/Interchange/Assets/Content/Functions/MX_OpenPBR_Opaque.uasset" 155
"../../../Engine/Plugins/Interchange/Assets/Content/Functions/MX_OpenPBR_Opaque.uexp" 156
"../../../Engine/Plugins/Interchange/Assets/Content/Functions/MX_MeasuredEDF.uasset" 157
"../../../Engine/Plugins/Interchange/Assets/Content/Functions/MX_MeasuredEDF.uexp" 158
"../../../Engine/Plugins/Interchange/Assets/Content/Functions/MX_GeneralizedSchlickBSDF.uasset" 159
"../../../Engine/Plugins/Interchange/Assets/Content/Functions/MX_GeneralizedSchlickBSDF.uexp" 160
"../../../Engine/Plugins/Interchange/Assets/Content/Functions/MX_DielectricBSDF.uasset" 161
"../../../Engine/Plugins/Interchange/Assets/Content/Functions/MX_DielectricBSDF.uexp" 162
"../../../Engine/Plugins/Interchange/Assets/Content/Functions/MX_ConicalEDF.uasset" 163
"../../../Engine/Plugins/Interchange/Assets/Content/Functions/MX_ConicalEDF.uexp" 164
"../../../Engine/Plugins/Interchange/Assets/Content/Functions/MX_ConductorBSDF.uasset" 165
"../../../Engine/Plugins/Interchange/Assets/Content/Functions/MX_ConductorBSDF.uexp" 166
"../../../Engine/Plugins/Interchange/Assets/Content/Functions/MX_BurleyDiffuseBSDF.uasset" 167
"../../../Engine/Plugins/Interchange/Assets/Content/Functions/MX_BurleyDiffuseBSDF.uexp" 168
"../../../Engine/Plugins/Interchange/Assets/Content/Functions/MX_AnisotropicVDF.uasset" 169
"../../../Engine/Plugins/Interchange/Assets/Content/Functions/MX_AnisotropicVDF.uexp" 170
"../../../Engine/Plugins/Interchange/Assets/Content/Functions/MX_AbsorptionVDF.uasset" 171
"../../../Engine/Plugins/Interchange/Assets/Content/Functions/MX_AbsorptionVDF.uexp" 172
"../../../Engine/Plugins/Editor/SpeedTreeImporter/Content/SpeedTree9/game_wind_noise.ubulk" 173
"../../../Engine/Plugins/Editor/SpeedTreeImporter/Content/SpeedTree9/game_wind_noise.uasset" 174
"../../../Engine/Plugins/Editor/SpeedTreeImporter/Content/SpeedTree9/game_wind_noise.uexp" 175
"../../../Engine/Plugins/Editor/SpeedTreeImporter/Content/SpeedTree9/UnpackDirection.uasset" 176
"../../../Engine/Plugins/Editor/SpeedTreeImporter/Content/SpeedTree9/UnpackDirection.uexp" 177
"../../../Engine/Content/Functions/Engine_MaterialFunctions02/ObjectLocalBounds.uasset" 178
"../../../Engine/Content/Functions/Engine_MaterialFunctions02/ObjectLocalBounds.uexp" 179
"../../../Engine/Content/Functions/Engine_MaterialFunctions02/Utility/BreakOutFloat3Components.uasset" 180
"../../../Engine/Content/Functions/Engine_MaterialFunctions02/Utility/BreakOutFloat3Components.uexp" 181
"../../../Engine/Content/Functions/Engine_MaterialFunctions02/UVs/BoundingBoxBased_0-1_UVW.uasset" 182
"../../../Engine/Content/Functions/Engine_MaterialFunctions02/UVs/BoundingBoxBased_0-1_UVW.uexp" 183
"../../../Engine/Content/Functions/Engine_MaterialFunctions02/Utility/VectorLength.uasset" 184
"../../../Engine/Content/Functions/Engine_MaterialFunctions02/Utility/VectorLength.uexp" 185
"../../../Engine/Plugins/Editor/SpeedTreeImporter/Content/SpeedTree9/UnpackInteger3.uasset" 186
"../../../Engine/Plugins/Editor/SpeedTreeImporter/Content/SpeedTree9/UnpackInteger3.uexp" 187
"../../../Engine/Plugins/Editor/SpeedTreeImporter/Content/SpeedTree9/SpeedTreeCameraFacing.uasset" 188
"../../../Engine/Plugins/Editor/SpeedTreeImporter/Content/SpeedTree9/SpeedTreeCameraFacing.uexp" 189
"../../../Engine/Content/Functions/Engine_MaterialFunctions02/WorldPositionOffset/ObjectScale.uasset" 190
"../../../Engine/Content/Functions/Engine_MaterialFunctions02/WorldPositionOffset/ObjectScale.uexp" 191
"../../../Engine/Content/Functions/Engine_MaterialFunctions02/SafeNormalize.uasset" 192
"../../../Engine/Content/Functions/Engine_MaterialFunctions02/SafeNormalize.uexp" 193
"../../../Engine/Plugins/Editor/SpeedTreeImporter/Content/SpeedTree9/SpeedTreeWindMotion.uasset" 194
"../../../Engine/Plugins/Editor/SpeedTreeImporter/Content/SpeedTree9/SpeedTreeWindMotion.uexp" 195
"../../../Engine/Plugins/Editor/SpeedTreeImporter/Content/SpeedTree9/SpeedTreeBranchMotion.uasset" 196
"../../../Engine/Plugins/Editor/SpeedTreeImporter/Content/SpeedTree9/SpeedTreeBranchMotion.uexp" 197
"../../../Engine/Plugins/Editor/SpeedTreeImporter/Content/SpeedTree9/SpeedTreeWind.uasset" 198
"../../../Engine/Plugins/Editor/SpeedTreeImporter/Content/SpeedTree9/SpeedTreeWind.uexp" 199
"../../../Engine/Plugins/Editor/SpeedTreeImporter/Content/SpeedTree9/EmptyNormal.uasset" 200
"../../../Engine/Plugins/Editor/SpeedTreeImporter/Content/SpeedTree9/EmptyNormal.uexp" 201
"../../../Engine/Plugins/Editor/SpeedTreeImporter/Content/SpeedTree9/Empty.uasset" 202
"../../../Engine/Plugins/Editor/SpeedTreeImporter/Content/SpeedTree9/Empty.uexp" 203
"../../../Engine/Plugins/Editor/SpeedTreeImporter/Content/SpeedTree9/SpeedTreeMaster.uasset" 204
"../../../Engine/Plugins/Editor/SpeedTreeImporter/Content/SpeedTree9/SpeedTreeMaster.uexp" 205
"../../../Engine/Plugins/Editor/SpeedTreeImporter/Content/SpeedTree9/SpeedTreeBillboard.uasset" 206
"../../../Engine/Plugins/Editor/SpeedTreeImporter/Content/SpeedTree9/SpeedTreeBillboard.uexp" 207
"../../../Engine/Plugins/Editor/SpeedTreeImporter/Content/SpeedTree9/SpeedTreeBillboardMaster.uasset" 208
"../../../Engine/Plugins/Editor/SpeedTreeImporter/Content/SpeedTree9/SpeedTreeBillboardMaster.uexp" 209
"../../../Engine/Content/Functions/Engine_MaterialFunctions02/WorldPositionOffset/CameraOffset.uasset" 210
"../../../Engine/Content/Functions/Engine_MaterialFunctions02/WorldPositionOffset/CameraOffset.uexp" 211
"../../../Engine/Plugins/Animation/ControlRig/Content/M_Manip.uasset" 212
"../../../Engine/Plugins/Animation/ControlRig/Content/M_Manip.uexp" 213
"../../../Engine/Plugins/Animation/ControlRig/Content/Controls/ControlRigXRayMaterial.uasset" 214
"../../../Engine/Plugins/Animation/ControlRig/Content/Controls/ControlRigXRayMaterial.uexp" 215
"../../../Engine/Plugins/Animation/ControlRig/Content/Controls/ControlRigGizmoMaterial.uasset" 216
"../../../Engine/Plugins/Animation/ControlRig/Content/Controls/ControlRigGizmoMaterial.uexp" 217
"../../../Engine/Content/EngineResources/GradientTexture0.uasset" 218
"../../../Engine/Content/EngineResources/GradientTexture0.uexp" 219
"../../../Engine/Content/EngineResources/Black.uasset" 220
"../../../Engine/Content/EngineResources/Black.uexp" 221
"../../../Engine/Content/EngineMaterials/WeightMapPlaceholderTexture.uasset" 222
"../../../Engine/Content/EngineMaterials/WeightMapPlaceholderTexture.uexp" 223
"../../../Engine/Content/EngineMaterials/WeightMapArrayPlaceholderTexture.uasset" 224
"../../../Engine/Content/EngineMaterials/WeightMapArrayPlaceholderTexture.uexp" 225
"../../../Engine/Content/EngineMaterials/RemoveSurfaceMaterial.uasset" 226
"../../../Engine/Content/EngineMaterials/RemoveSurfaceMaterial.uexp" 227
"../../../Engine/Content/EngineMaterials/PreintegratedSkinBRDF.uasset" 228
"../../../Engine/Content/EngineMaterials/PreintegratedSkinBRDF.uexp" 229
"../../../Engine/Content/EngineMaterials/DefaultCalibrationGrayscale.uasset" 230
"../../../Engine/Content/EngineMaterials/DefaultCalibrationGrayscale.uexp" 231
"../../../Engine/Content/EngineMaterials/PPM_DefaultCalibrationGrayscale.uasset" 232
"../../../Engine/Content/EngineMaterials/PPM_DefaultCalibrationGrayscale.uexp" 233
"../../../Engine/Content/EngineMaterials/DefaultCalibrationColor.uasset" 234
"../../../Engine/Content/EngineMaterials/DefaultCalibrationColor.uexp" 235
"../../../Engine/Content/EngineMaterials/PPM_DefaultCalibrationColor.uasset" 236
"../../../Engine/Content/EngineMaterials/PPM_DefaultCalibrationColor.uexp" 237
"../../../Engine/Content/EngineMaterials/PhAT_JointLimitMaterial.uasset" 238
"../../../Engine/Content/EngineMaterials/PhAT_JointLimitMaterial.uexp" 239
"../../../Engine/Content/EngineMaterials/NaniteHiddenSectionMaterial.uasset" 240
"../../../Engine/Content/EngineMaterials/NaniteHiddenSectionMaterial.uexp" 241
"../../../Engine/Content/EngineMaterials/InvalidLightmapSettings.ubulk" 242
"../../../Engine/Content/EngineMaterials/InvalidLightmapSettings.uasset" 243
"../../../Engine/Content/EngineMaterials/InvalidLightmapSettings.uexp" 244
"../../../Engine/Content/EngineMaterials/M_InvalidLightmapSettings.uasset" 245
"../../../Engine/Content/EngineMaterials/M_InvalidLightmapSettings.uexp" 246
"../../../Engine/Content/EngineMaterials/MiniFont.uasset" 247
"../../../Engine/Content/EngineMaterials/MiniFont.uexp" 248
"../../../Engine/Content/EngineMaterials/GizmoMaterial.uasset" 249
"../../../Engine/Content/EngineMaterials/GizmoMaterial.uexp" 250
"../../../Engine/Content/EngineMaterials/BaseFlattenEmissiveMap_VT.uasset" 251
"../../../Engine/Content/EngineMaterials/BaseFlattenEmissiveMap_VT.uexp" 252
"../../../Engine/Content/EngineMaterials/BaseFlattenGrayscaleMap_VT.uasset" 253
"../../../Engine/Content/EngineMaterials/BaseFlattenGrayscaleMap_VT.uexp" 254
"../../../Engine/Content/EngineMaterials/BaseFlattenLinearColor_VT.uasset" 255
"../../../Engine/Content/EngineMaterials/BaseFlattenLinearColor_VT.uexp" 256
"../../../Engine/Content/EngineMaterials/Black_1x1_EXR_Texture_VT.uasset" 257
"../../../Engine/Content/EngineMaterials/Black_1x1_EXR_Texture_VT.uexp" 258
"../../../Engine/Content/EngineMaterials/BaseFlattenDiffuseMap_VT.uasset" 259
"../../../Engine/Content/EngineMaterials/BaseFlattenDiffuseMap_VT.uexp" 260
"../../../Engine/Content/EngineMaterials/BaseFlattenNormalMap_VT.uasset" 261
"../../../Engine/Content/EngineMaterials/BaseFlattenNormalMap_VT.uexp" 262
"../../../Engine/Content/EngineMaterials/FlattenMaterial_WS_Normal_VT.uasset" 263
"../../../Engine/Content/EngineMaterials/FlattenMaterial_WS_Normal_VT.uexp" 264
"../../../Engine/Content/EngineMaterials/FlattenMaterial_VT.uasset" 265
"../../../Engine/Content/EngineMaterials/FlattenMaterial_VT.uexp" 266
"../../../Engine/Content/EngineMaterials/BaseFlattenNormalMap.uasset" 267
"../../../Engine/Content/EngineMaterials/BaseFlattenNormalMap.uexp" 268
"../../../Engine/Content/EngineMaterials/BaseFlattenGrayscaleMap.uasset" 269
"../../../Engine/Content/EngineMaterials/BaseFlattenGrayscaleMap.uexp" 270
"../../../Engine/Content/EngineMaterials/BaseFlattenDiffuseMap.uasset" 271
"../../../Engine/Content/EngineMaterials/BaseFlattenDiffuseMap.uexp" 272
"../../../Engine/Content/Functions/Engine_MaterialFunctions02/PivotPainter2/Black_1x1_EXR_Texture.uasset" 273
"../../../Engine/Content/Functions/Engine_MaterialFunctions02/PivotPainter2/Black_1x1_EXR_Texture.uexp" 274
"../../../Engine/Content/EngineMaterials/BaseFlattenEmissiveMap.uasset" 275
"../../../Engine/Content/EngineMaterials/BaseFlattenEmissiveMap.uexp" 276
"../../../Engine/Content/EngineMaterials/BaseFlattenLinearColor.uasset" 277
"../../../Engine/Content/EngineMaterials/BaseFlattenLinearColor.uexp" 278
"../../../Engine/Content/EngineMaterials/FlattenMaterial.uasset" 279
"../../../Engine/Content/EngineMaterials/FlattenMaterial.uexp" 280
"../../../Engine/Content/EngineMaterials/FastBlueNoise_vec2_128x128x64.uasset" 281
"../../../Engine/Content/EngineMaterials/FastBlueNoise_vec2_128x128x64.uexp" 282
"../../../Engine/Content/EngineMaterials/FastBlueNoise_scalar_128x128x64.uasset" 283
"../../../Engine/Content/EngineMaterials/FastBlueNoise_scalar_128x128x64.uexp" 284
"../../../Engine/Content/EngineMaterials/DefaultWhiteGrid_Low.uasset" 285
"../../../Engine/Content/EngineMaterials/DefaultWhiteGrid_Low.uexp" 286
"../../../Engine/Content/EngineMaterials/EmissiveMeshMaterial.uasset" 287
"../../../Engine/Content/EngineMaterials/EmissiveMeshMaterial.uexp" 288
"../../../Engine/Content/EngineMaterials/DefaultWhiteGrid.ubulk" 289
"../../../Engine/Content/EngineMaterials/DefaultWhiteGrid.uasset" 290
"../../../Engine/Content/EngineMaterials/DefaultWhiteGrid.uexp" 291
"../../../Engine/Content/EngineFonts/RobotoDistanceField.uasset" 292
"../../../Engine/Content/EngineFonts/RobotoDistanceField.uexp" 293
"../../../Engine/Content/EngineMaterials/DefaultTextMaterialOpaque.uasset" 294
"../../../Engine/Content/EngineMaterials/DefaultTextMaterialOpaque.uexp" 295
"../../../Engine/Content/EngineMaterials/DefaultDiffuse.ubulk" 296
"../../../Engine/Content/EngineMaterials/DefaultDiffuse.uasset" 297
"../../../Engine/Content/EngineMaterials/DefaultDiffuse.uexp" 298
"../../../Engine/Content/Functions/Engine_MaterialFunctions02/Utility/BreakOutFloat2Components.uasset" 299
"../../../Engine/Content/Functions/Engine_MaterialFunctions02/Utility/BreakOutFloat2Components.uexp" 300
"../../../Engine/Content/EngineMaterials/DefaultPostProcessMaterial.uasset" 301
"../../../Engine/Content/EngineMaterials/DefaultPostProcessMaterial.uexp" 302
"../../../Engine/Content/EngineMaterials/DefaultLightFunctionMaterial.uasset" 303
"../../../Engine/Content/EngineMaterials/DefaultLightFunctionMaterial.uexp" 304
"../../../Engine/Content/EngineMaterials/DefaultDeferredDecalMaterial.uasset" 305
"../../../Engine/Content/EngineMaterials/DefaultDeferredDecalMaterial.uexp" 306
"../../../Engine/Content/EngineMaterials/DefaultBokeh.uasset" 307
"../../../Engine/Content/EngineMaterials/DefaultBokeh.uexp" 308
"../../../Engine/Content/EngineMaterials/DefaultBloomKernel.uasset" 309
"../../../Engine/Content/EngineMaterials/DefaultBloomKernel.uexp" 310
"../../../Engine/Content/Functions/Engine_MaterialFunctions02/Utility/CameraDirectionVector.uasset" 311
"../../../Engine/Content/Functions/Engine_MaterialFunctions02/Utility/CameraDirectionVector.uexp" 312
"../../../Engine/Content/EngineDebugMaterials/VolumeToRender.uasset" 313
"../../../Engine/Content/EngineDebugMaterials/VolumeToRender.uexp" 314
"../../../Engine/Content/EngineDebugMaterials/M_VolumeRenderSphereTracePP.uasset" 315
"../../../Engine/Content/EngineDebugMaterials/M_VolumeRenderSphereTracePP.uexp" 316
"../../../Engine/Content/EngineDebugMaterials/M_SimpleUnlitTranslucent.uasset" 317
"../../../Engine/Content/EngineDebugMaterials/M_SimpleUnlitTranslucent.uexp" 318
"../../../Engine/Content/EngineDebugMaterials/DebugMeshMaterial.uasset" 319
"../../../Engine/Content/EngineDebugMaterials/DebugMeshMaterial.uexp" 320
"../../../Engine/Content/EngineDebugMaterials/DebugEditorMaterial.uasset" 321
"../../../Engine/Content/EngineDebugMaterials/DebugEditorMaterial.uexp" 322
"../../../Engine/Content/EngineDamageTypes/DmgTypeBP_Environmental.uasset" 323
"../../../Engine/Content/EngineDamageTypes/DmgTypeBP_Environmental.uexp" 324
"../../../Engine/Content/EditorResources/S_Terrain.ubulk" 325
"../../../Engine/Content/EditorResources/S_Terrain.uasset" 326
"../../../Engine/Content/EditorResources/S_Terrain.uexp" 327
"../../../Engine/Content/EditorResources/S_Solver.ubulk" 328
"../../../Engine/Content/EditorResources/S_Solver.uasset" 329
"../../../Engine/Content/EditorResources/S_Solver.uexp" 330
"../../../Engine/Content/EditorResources/EmptyActor.uasset" 331
"../../../Engine/Content/EditorResources/EmptyActor.uexp" 332
"../../../Engine/Content/EditorResources/BSPVertex.uasset" 333
"../../../Engine/Content/EditorResources/BSPVertex.uexp" 334
"../../../Engine/Content/EditorMaterials/PreviewShadowIndicator.ubulk" 335
"../../../Engine/Content/EditorMaterials/PreviewShadowIndicator.uasset" 336
"../../../Engine/Content/EditorMaterials/PreviewShadowIndicator.uexp" 337
"../../../Engine/Content/EditorMaterials/PreviewShadowIndicatorMaterial.uasset" 338
"../../../Engine/Content/EditorMaterials/PreviewShadowIndicatorMaterial.uexp" 339
"../../../Engine/Content/EditorMaterials/PhAT_UnselectedMaterial.uasset" 340
"../../../Engine/Content/EditorMaterials/PhAT_UnselectedMaterial.uexp" 341
"../../../Engine/Content/EditorMaterials/PhAT_NoCollisionMaterial.uasset" 342
"../../../Engine/Content/EditorMaterials/PhAT_NoCollisionMaterial.uexp" 343
"../../../Engine/Content/EditorLandscapeResources/DefaultAlphaTexture.uasset" 344
"../../../Engine/Content/EditorLandscapeResources/DefaultAlphaTexture.uexp" 345
"../../../Engine/Content/EngineResources/FilmGrains/Marcie_Grain_v3_128_M2_000.uasset" 346
"../../../Engine/Content/EngineResources/FilmGrains/Marcie_Grain_v3_128_M2_000.uexp" 347
"../../../Engine/Content/EngineMaterials/LTC/Sheen_LTC.uasset" 348
"../../../Engine/Content/EngineMaterials/LTC/Sheen_LTC.uexp" 349
"../../../Engine/Content/EngineMaterials/LTC/GGX_LTCMat.uasset" 350
"../../../Engine/Content/EngineMaterials/LTC/GGX_LTCMat.uexp" 351
"../../../Engine/Content/EngineMaterials/LTC/GGX_LTCAmp.uasset" 352
"../../../Engine/Content/EngineMaterials/LTC/GGX_LTCAmp.uexp" 353
"../../../Engine/Content/EngineMaterials/EnergyConservation/Sheen_Energy.uasset" 354
"../../../Engine/Content/EngineMaterials/EnergyConservation/Sheen_Energy.uexp" 355
"../../../Engine/Content/EngineMaterials/EnergyConservation/SheenLegacy_Energy.uasset" 356
"../../../Engine/Content/EngineMaterials/EnergyConservation/SheenLegacy_Energy.uexp" 357
"../../../Engine/Content/EngineMaterials/EnergyConservation/GGX_TransmissionEnergyArray.uasset" 358
"../../../Engine/Content/EngineMaterials/EnergyConservation/GGX_TransmissionEnergyArray.uexp" 359
"../../../Engine/Content/EngineMaterials/EnergyConservation/GGX_ReflectionEnergy.uasset" 360
"../../../Engine/Content/EngineMaterials/EnergyConservation/GGX_ReflectionEnergy.uexp" 361
"../../../Engine/Content/EngineMaterials/EnergyConservation/Diffuse_Energy.uasset" 362
"../../../Engine/Content/EngineMaterials/EnergyConservation/Diffuse_Energy.uexp" 363
"../../../Engine/Content/EditorResources/SequenceRecorder/RecordingIndicator.uasset" 364
"../../../Engine/Content/EditorResources/SequenceRecorder/RecordingIndicator.uexp" 365
"../../../Engine/Content/EditorResources/SequenceRecorder/Countdown.uasset" 366
"../../../Engine/Content/EditorResources/SequenceRecorder/Countdown.uexp" 367
"../../../Engine/Content/EditorMaterials/ParticleSystems/PSysThumbnail_OOD.ubulk" 368
"../../../Engine/Content/EditorMaterials/ParticleSystems/PSysThumbnail_OOD.uasset" 369
"../../../Engine/Content/EditorMaterials/ParticleSystems/PSysThumbnail_OOD.uexp" 370
"../../../Engine/Content/EditorMaterials/ParticleSystems/PSysThumbnail_NoImage.ubulk" 371
"../../../Engine/Content/EditorMaterials/ParticleSystems/PSysThumbnail_NoImage.uasset" 372
"../../../Engine/Content/EditorMaterials/ParticleSystems/PSysThumbnail_NoImage.uexp" 373
"../../../Engine/Content/EditorMaterials/Dataflow/DataflowVertexMaterial.uasset" 374
"../../../Engine/Content/EditorMaterials/Dataflow/DataflowVertexMaterial.uexp" 375
"../../../Engine/Content/EditorMaterials/Dataflow/DataflowTwoSidedVertexMaterial.uasset" 376
"../../../Engine/Content/EditorMaterials/Dataflow/DataflowTwoSidedVertexMaterial.uexp" 377
"../../../Engine/Content/Functions/Engine_MaterialFunctions01/Shading/PowerToRoughness.uasset" 378
"../../../Engine/Content/Functions/Engine_MaterialFunctions01/Shading/PowerToRoughness.uexp" 379
"../../../Engine/Content/Functions/Engine_MaterialFunctions01/Shading/ConvertFromDiffSpec.uasset" 380
"../../../Engine/Content/Functions/Engine_MaterialFunctions01/Shading/ConvertFromDiffSpec.uexp" 381
"../../../Engine/Content/EngineMaterials/Substrate/Volume/SubstrateSimpleVolumeLUT3D.uasset" 382
"../../../Engine/Content/EngineMaterials/Substrate/Volume/SubstrateSimpleVolumeLUT3D.uexp" 383
"../../../Engine/Content/EngineMaterials/Substrate/Volume/SubstrateSimpleVolumeEnvLUT3D.uasset" 384
"../../../Engine/Content/EngineMaterials/Substrate/Volume/SubstrateSimpleVolumeEnvLUT3D.uexp" 385
"C:/Users/dobr0/OneDrive/Documents/PrototypesAndSkillBox/Projects/Rhythm_Prototype/Content/RhythmGame/GhostSamurai_Bundle/Mannequin/Character/Mesh/UE4_Mannequin_Skeleton.uasset" 386
"C:/Users/dobr0/OneDrive/Documents/PrototypesAndSkillBox/Projects/Rhythm_Prototype/Content/RhythmGame/GhostSamurai_Bundle/Mannequin/Character/Mesh/UE4_Mannequin_Skeleton.uexp" 387
"../../../Engine/Content/EngineMeshes/Sphere.ubulk" 388
"../../../Engine/Content/EngineMeshes/Sphere.uasset" 389
"../../../Engine/Content/EngineMeshes/Sphere.uexp" 390
"../../../Engine/Content/EngineMaterials/Substrate/GLints2/AGlintTex2dArray2.uasset" 391
"../../../Engine/Content/EngineMaterials/Substrate/GLints2/AGlintTex2dArray2.uexp" 392
"../../../Engine/Content/EngineMaterials/Substrate/GLints/AGlintTex2dArray.uasset" 393
"../../../Engine/Content/EngineMaterials/Substrate/GLints/AGlintTex2dArray.uexp" 394
"../../../Engine/Content/EngineMaterials/T_Default_Material_Grid_M.ubulk" 395
"../../../Engine/Content/EngineMaterials/T_Default_Material_Grid_M.uasset" 396
"../../../Engine/Content/EngineMaterials/T_Default_Material_Grid_M.uexp" 397
"../../../Engine/Content/EngineMaterials/T_Default_Material_Grid_N.ubulk" 398
"../../../Engine/Content/EngineMaterials/T_Default_Material_Grid_N.uasset" 399
"../../../Engine/Content/EngineMaterials/T_Default_Material_Grid_N.uexp" 400
"../../../Engine/Content/Functions/Engine_MaterialFunctions01/Opacity/CameraDepthFade.uasset" 401
"../../../Engine/Content/Functions/Engine_MaterialFunctions01/Opacity/CameraDepthFade.uexp" 402
"../../../Engine/Content/EngineMaterials/WorldGridMaterial.uasset" 403
"../../../Engine/Content/EngineMaterials/WorldGridMaterial.uexp" 404
"../../../Engine/Content/ArtTools/RenderToTexture/Meshes/S_1_Unit_Plane.ubulk" 405
"../../../Engine/Content/ArtTools/RenderToTexture/Meshes/S_1_Unit_Plane.uasset" 406
"../../../Engine/Content/ArtTools/RenderToTexture/Meshes/S_1_Unit_Plane.uexp" 407
"../../../Engine/Content/EngineMaterials/DefaultMaterial.uasset" 408
"../../../Engine/Content/EngineMaterials/DefaultMaterial.uexp" 409
"../../../Engine/Content/BasicShapes/Sphere.ubulk" 410
"../../../Engine/Content/BasicShapes/Sphere.uasset" 411
"../../../Engine/Content/BasicShapes/Sphere.uexp" 412
"C:/Users/dobr0/OneDrive/Documents/PrototypesAndSkillBox/Projects/Rhythm_Prototype/Content/RhythmGame/Blueprints/BP_AI_Enemy.uasset" 413
"C:/Users/dobr0/OneDrive/Documents/PrototypesAndSkillBox/Projects/Rhythm_Prototype/Content/RhythmGame/Blueprints/BP_AI_Enemy.uexp" 414
"../../../Engine/Content/Animation/DefaultAnimCurveCompressionSettings.uasset" 415
"../../../Engine/Content/Animation/DefaultAnimCurveCompressionSettings.uexp" 416
"../../../Engine/Content/Animation/DefaultVariableFrameStrippingSettings.uasset" 417
"../../../Engine/Content/Animation/DefaultVariableFrameStrippingSettings.uexp" 418
"C:/Users/dobr0/OneDrive/Documents/PrototypesAndSkillBox/Projects/Rhythm_Prototype/Content/AAAModularSoldier/Demo/Mannequin/Character/Mesh/UE4_Mannequin_Skeleton.uasset" 419
"C:/Users/dobr0/OneDrive/Documents/PrototypesAndSkillBox/Projects/Rhythm_Prototype/Content/AAAModularSoldier/Demo/Mannequin/Character/Mesh/UE4_Mannequin_Skeleton.uexp" 420
"../../../Engine/Content/Animation/DefaultAnimBoneCompressionSettings.uasset" 421
"../../../Engine/Content/Animation/DefaultAnimBoneCompressionSettings.uexp" 422
"C:/Users/dobr0/OneDrive/Documents/PrototypesAndSkillBox/Projects/Rhythm_Prototype/Content/AAAModularSoldier/Blueprints/MM_Idle.uasset" 423
"C:/Users/dobr0/OneDrive/Documents/PrototypesAndSkillBox/Projects/Rhythm_Prototype/Content/AAAModularSoldier/Blueprints/MM_Idle.uexp" 424
"C:/Users/dobr0/OneDrive/Documents/PrototypesAndSkillBox/Projects/Rhythm_Prototype/Content/AAAModularSoldier/Blueprints/MM_Jump.uasset" 425
"C:/Users/dobr0/OneDrive/Documents/PrototypesAndSkillBox/Projects/Rhythm_Prototype/Content/AAAModularSoldier/Blueprints/MM_Jump.uexp" 426
"../../../Engine/Content/Animation/DefaultRecorderBoneCompression.uasset" 427
"../../../Engine/Content/Animation/DefaultRecorderBoneCompression.uexp" 428
"C:/Users/dobr0/OneDrive/Documents/PrototypesAndSkillBox/Projects/Rhythm_Prototype/Content/AAAModularSoldier/Blueprints/MM_Walk_InPlace.uasset" 429
"C:/Users/dobr0/OneDrive/Documents/PrototypesAndSkillBox/Projects/Rhythm_Prototype/Content/AAAModularSoldier/Blueprints/MM_Walk_InPlace.uexp" 430
"C:/Users/dobr0/OneDrive/Documents/PrototypesAndSkillBox/Projects/Rhythm_Prototype/Content/AAAModularSoldier/Blueprints/MM_Run_Fwd.uasset" 431
"C:/Users/dobr0/OneDrive/Documents/PrototypesAndSkillBox/Projects/Rhythm_Prototype/Content/AAAModularSoldier/Blueprints/MM_Run_Fwd.uexp" 432
"C:/Users/dobr0/OneDrive/Documents/PrototypesAndSkillBox/Projects/Rhythm_Prototype/Content/AAAModularSoldier/Blueprints/MM_Walk_Fwd.uasset" 433
"C:/Users/dobr0/OneDrive/Documents/PrototypesAndSkillBox/Projects/Rhythm_Prototype/Content/AAAModularSoldier/Blueprints/MM_Walk_Fwd.uexp" 434
"C:/Users/dobr0/OneDrive/Documents/PrototypesAndSkillBox/Projects/Rhythm_Prototype/Content/AAAModularSoldier/Blueprints/BS_MM_WalkRun.uasset" 435
"C:/Users/dobr0/OneDrive/Documents/PrototypesAndSkillBox/Projects/Rhythm_Prototype/Content/AAAModularSoldier/Blueprints/BS_MM_WalkRun.uexp" 436
"C:/Users/dobr0/OneDrive/Documents/PrototypesAndSkillBox/Projects/Rhythm_Prototype/Content/AAAModularSoldier/Blueprints/MM_Fall_Loop.uasset" 437
"C:/Users/dobr0/OneDrive/Documents/PrototypesAndSkillBox/Projects/Rhythm_Prototype/Content/AAAModularSoldier/Blueprints/MM_Fall_Loop.uexp" 438
"C:/Users/dobr0/OneDrive/Documents/PrototypesAndSkillBox/Projects/Rhythm_Prototype/Content/AAAModularSoldier/Blueprints/ABP_UkranianPidoras.uasset" 439
"C:/Users/dobr0/OneDrive/Documents/PrototypesAndSkillBox/Projects/Rhythm_Prototype/Content/AAAModularSoldier/Blueprints/ABP_UkranianPidoras.uexp" 440
"../../../Engine/Content/Functions/Engine_MaterialFunctions02/ExampleContent/DebugNumberStrip.uasset" 441
"../../../Engine/Content/Functions/Engine_MaterialFunctions02/ExampleContent/DebugNumberStrip.uexp" 442
"C:/Users/dobr0/OneDrive/Documents/PrototypesAndSkillBox/Projects/Rhythm_Prototype/Content/AAAModularSoldier/Textures/Eyes/T_EyeMidPlaneDisplacement.ubulk" 443
"C:/Users/dobr0/OneDrive/Documents/PrototypesAndSkillBox/Projects/Rhythm_Prototype/Content/AAAModularSoldier/Textures/Eyes/T_EyeMidPlaneDisplacement.uasset" 444
"C:/Users/dobr0/OneDrive/Documents/PrototypesAndSkillBox/Projects/Rhythm_Prototype/Content/AAAModularSoldier/Textures/Eyes/T_EyeMidPlaneDisplacement.uexp" 445
"C:/Users/dobr0/OneDrive/Documents/PrototypesAndSkillBox/Projects/Rhythm_Prototype/Content/AAAModularSoldier/Textures/Eyes/T_EyeIrisBaseColor.ubulk" 446
"C:/Users/dobr0/OneDrive/Documents/PrototypesAndSkillBox/Projects/Rhythm_Prototype/Content/AAAModularSoldier/Textures/Eyes/T_EyeIrisBaseColor.uasset" 447
"C:/Users/dobr0/OneDrive/Documents/PrototypesAndSkillBox/Projects/Rhythm_Prototype/Content/AAAModularSoldier/Textures/Eyes/T_EyeIrisBaseColor.uexp" 448
"C:/Users/dobr0/OneDrive/Documents/PrototypesAndSkillBox/Projects/Rhythm_Prototype/Content/AAAModularSoldier/Textures/Eyes/T_Ice_Noise.ubulk" 449
"C:/Users/dobr0/OneDrive/Documents/PrototypesAndSkillBox/Projects/Rhythm_Prototype/Content/AAAModularSoldier/Textures/Eyes/T_Ice_Noise.uasset" 450
"C:/Users/dobr0/OneDrive/Documents/PrototypesAndSkillBox/Projects/Rhythm_Prototype/Content/AAAModularSoldier/Textures/Eyes/T_Ice_Noise.uexp" 451
"C:/Users/dobr0/OneDrive/Documents/PrototypesAndSkillBox/Projects/Rhythm_Prototype/Content/AAAModularSoldier/Textures/Eyes/T_Eye_N.ubulk" 452
"C:/Users/dobr0/OneDrive/Documents/PrototypesAndSkillBox/Projects/Rhythm_Prototype/Content/AAAModularSoldier/Textures/Eyes/T_Eye_N.uasset" 453
"C:/Users/dobr0/OneDrive/Documents/PrototypesAndSkillBox/Projects/Rhythm_Prototype/Content/AAAModularSoldier/Textures/Eyes/T_Eye_N.uexp" 454
"C:/Users/dobr0/OneDrive/Documents/PrototypesAndSkillBox/Projects/Rhythm_Prototype/Content/AAAModularSoldier/Materials/MFMaterials/MF_PupilScale.uasset" 455
"C:/Users/dobr0/OneDrive/Documents/PrototypesAndSkillBox/Projects/Rhythm_Prototype/Content/AAAModularSoldier/Materials/MFMaterials/MF_PupilScale.uexp" 456
"../../../Engine/Content/Functions/Engine_MaterialFunctions01/Texturing/ScaleUVsByCenter.uasset" 457
"../../../Engine/Content/Functions/Engine_MaterialFunctions01/Texturing/ScaleUVsByCenter.uexp" 458
"../../../Engine/Content/Functions/Engine_MaterialFunctions01/Texturing/ComputeMipLevel.uasset" 459
"../../../Engine/Content/Functions/Engine_MaterialFunctions01/Texturing/ComputeMipLevel.uexp" 460
"../../../Engine/Content/Functions/Engine_MaterialFunctions01/Texturing/TextureCropping.uasset" 461
"../../../Engine/Content/Functions/Engine_MaterialFunctions01/Texturing/TextureCropping.uexp" 462
"../../../Engine/Content/Functions/Engine_MaterialFunctions02/ExampleContent/Textures/DebugNumberPeriod.uasset" 463
"../../../Engine/Content/Functions/Engine_MaterialFunctions02/ExampleContent/Textures/DebugNumberPeriod.uexp" 464
"../../../Engine/Content/Functions/Engine_MaterialFunctions02/Utility/DebugScalarValues.uasset" 465
"../../../Engine/Content/Functions/Engine_MaterialFunctions02/Utility/DebugScalarValues.uexp" 466
"../../../Engine/Content/Functions/Engine_MaterialFunctions02/Utility/DebugFloat3Values.uasset" 467
"../../../Engine/Content/Functions/Engine_MaterialFunctions02/Utility/DebugFloat3Values.uexp" 468
"C:/Users/dobr0/OneDrive/Documents/PrototypesAndSkillBox/Projects/Rhythm_Prototype/Content/AAAModularSoldier/Textures/Eyes/T_EyeScleraBaseColor.ubulk" 469
"C:/Users/dobr0/OneDrive/Documents/PrototypesAndSkillBox/Projects/Rhythm_Prototype/Content/AAAModularSoldier/Textures/Eyes/T_EyeScleraBaseColor.uasset" 470
"C:/Users/dobr0/OneDrive/Documents/PrototypesAndSkillBox/Projects/Rhythm_Prototype/Content/AAAModularSoldier/Textures/Eyes/T_EyeScleraBaseColor.uexp" 471
"C:/Users/dobr0/OneDrive/Documents/PrototypesAndSkillBox/Projects/Rhythm_Prototype/Content/AAAModularSoldier/Materials/MFMaterials/MF_ProceduralIris.uasset" 472
"C:/Users/dobr0/OneDrive/Documents/PrototypesAndSkillBox/Projects/Rhythm_Prototype/Content/AAAModularSoldier/Materials/MFMaterials/MF_ProceduralIris.uexp" 473
"../../../Engine/Content/Functions/Engine_MaterialFunctions02/Math/RGBtoHSV.uasset" 474
"../../../Engine/Content/Functions/Engine_MaterialFunctions02/Math/RGBtoHSV.uexp" 475
"../../../Engine/Content/Functions/Engine_MaterialFunctions02/TangentBasis.uasset" 476
"../../../Engine/Content/Functions/Engine_MaterialFunctions02/TangentBasis.uexp" 477
"C:/Users/dobr0/OneDrive/Documents/PrototypesAndSkillBox/Projects/Rhythm_Prototype/Content/AAAModularSoldier/Materials/MFMaterials/MF_EyeRefraction.uasset" 478
"C:/Users/dobr0/OneDrive/Documents/PrototypesAndSkillBox/Projects/Rhythm_Prototype/Content/AAAModularSoldier/Materials/MFMaterials/MF_EyeRefraction.uexp" 479
"C:/Users/dobr0/OneDrive/Documents/PrototypesAndSkillBox/Projects/Rhythm_Prototype/Content/AAAModularSoldier/Materials/MFMaterials/MF_HueShift.uasset" 480
"C:/Users/dobr0/OneDrive/Documents/PrototypesAndSkillBox/Projects/Rhythm_Prototype/Content/AAAModularSoldier/Materials/MFMaterials/MF_HueShift.uexp" 481
"C:/Users/dobr0/OneDrive/Documents/PrototypesAndSkillBox/Projects/Rhythm_Prototype/Content/AAAModularSoldier/Materials/M_Eye.uasset" 482
"C:/Users/dobr0/OneDrive/Documents/PrototypesAndSkillBox/Projects/Rhythm_Prototype/Content/AAAModularSoldier/Materials/M_Eye.uexp" 483
"C:/Users/dobr0/OneDrive/Documents/PrototypesAndSkillBox/Projects/Rhythm_Prototype/Content/AAAModularSoldier/Materials/MI_Eye.uasset" 484
"C:/Users/dobr0/OneDrive/Documents/PrototypesAndSkillBox/Projects/Rhythm_Prototype/Content/AAAModularSoldier/Materials/MI_Eye.uexp" 485
"../../../Engine/Content/EngineMaterials/BlendFunc_DefBlend.uasset" 486
"../../../Engine/Content/EngineMaterials/BlendFunc_DefBlend.uexp" 487
"C:/Users/dobr0/OneDrive/Documents/PrototypesAndSkillBox/Projects/Rhythm_Prototype/Content/AAAModularSoldier/Modules/ModularSoldierVol_1/_Textures/T_Headgears_E.ubulk" 488
"C:/Users/dobr0/OneDrive/Documents/PrototypesAndSkillBox/Projects/Rhythm_Prototype/Content/AAAModularSoldier/Modules/ModularSoldierVol_1/_Textures/T_Headgears_E.uasset" 489
"C:/Users/dobr0/OneDrive/Documents/PrototypesAndSkillBox/Projects/Rhythm_Prototype/Content/AAAModularSoldier/Modules/ModularSoldierVol_1/_Textures/T_Headgears_E.uexp" 490
"C:/Users/dobr0/OneDrive/Documents/PrototypesAndSkillBox/Projects/Rhythm_Prototype/Content/AAAModularSoldier/Modules/ModularSoldierVol_1/_Textures/T_E.uasset" 491
"C:/Users/dobr0/OneDrive/Documents/PrototypesAndSkillBox/Projects/Rhythm_Prototype/Content/AAAModularSoldier/Modules/ModularSoldierVol_1/_Textures/T_E.uexp" 492
"../../../Engine/Content/EngineMaterials/BlendFunc_DefBase.uasset" 493
"../../../Engine/Content/EngineMaterials/BlendFunc_DefBase.uexp" 494
"C:/Users/dobr0/OneDrive/Documents/PrototypesAndSkillBox/Projects/Rhythm_Prototype/Content/AAAModularSoldier/Modules/ModularSoldierVol_1/_Textures/T_BalaclavaDecal.ubulk" 495
"C:/Users/dobr0/OneDrive/Documents/PrototypesAndSkillBox/Projects/Rhythm_Prototype/Content/AAAModularSoldier/Modules/ModularSoldierVol_1/_Textures/T_BalaclavaDecal.uasset" 496
"C:/Users/dobr0/OneDrive/Documents/PrototypesAndSkillBox/Projects/Rhythm_Prototype/Content/AAAModularSoldier/Modules/ModularSoldierVol_1/_Textures/T_BalaclavaDecal.uexp" 497
"C:/Users/dobr0/OneDrive/Documents/PrototypesAndSkillBox/Projects/Rhythm_Prototype/Content/AAAModularSoldier/Modules/ModularSoldierVol_1/_Textures/T_Headgears_ID.uasset" 498
"C:/Users/dobr0/OneDrive/Documents/PrototypesAndSkillBox/Projects/Rhythm_Prototype/Content/AAAModularSoldier/Modules/ModularSoldierVol_1/_Textures/T_Headgears_ID.uexp" 499
"C:/Users/dobr0/OneDrive/Documents/PrototypesAndSkillBox/Projects/Rhythm_Prototype/Content/AAAModularSoldier/Modules/ModularSoldierVol_1/_Textures/T_Headgears_D.ubulk" 500
"C:/Users/dobr0/OneDrive/Documents/PrototypesAndSkillBox/Projects/Rhythm_Prototype/Content/AAAModularSoldier/Modules/ModularSoldierVol_1/_Textures/T_Headgears_D.uasset" 501
"C:/Users/dobr0/OneDrive/Documents/PrototypesAndSkillBox/Projects/Rhythm_Prototype/Content/AAAModularSoldier/Modules/ModularSoldierVol_1/_Textures/T_Headgears_D.uexp" 502
"C:/Users/dobr0/OneDrive/Documents/PrototypesAndSkillBox/Projects/Rhythm_Prototype/Content/AAAModularSoldier/Textures/Checker/T_Checker.ubulk" 503
"C:/Users/dobr0/OneDrive/Documents/PrototypesAndSkillBox/Projects/Rhythm_Prototype/Content/AAAModularSoldier/Textures/Checker/T_Checker.uasset" 504
"C:/Users/dobr0/OneDrive/Documents/PrototypesAndSkillBox/Projects/Rhythm_Prototype/Content/AAAModularSoldier/Textures/Checker/T_Checker.uexp" 505
"C:/Users/dobr0/OneDrive/Documents/PrototypesAndSkillBox/Projects/Rhythm_Prototype/Content/AAAModularSoldier/Textures/Tiles/T_MidColor_Tile.ubulk" 506
"C:/Users/dobr0/OneDrive/Documents/PrototypesAndSkillBox/Projects/Rhythm_Prototype/Content/AAAModularSoldier/Textures/Tiles/T_MidColor_Tile.uasset" 507
"C:/Users/dobr0/OneDrive/Documents/PrototypesAndSkillBox/Projects/Rhythm_Prototype/Content/AAAModularSoldier/Textures/Tiles/T_MidColor_Tile.uexp" 508
"../../../Engine/Content/EngineResources/DefaultTexture.ubulk" 509
"../../../Engine/Content/EngineResources/DefaultTexture.uasset" 510
"../../../Engine/Content/EngineResources/DefaultTexture.uexp" 511
"C:/Users/dobr0/OneDrive/Documents/PrototypesAndSkillBox/Projects/Rhythm_Prototype/Content/AAAModularSoldier/Modules/ModularSoldierVol_1/_Textures/T_Headgears_ORM.ubulk" 512
"C:/Users/dobr0/OneDrive/Documents/PrototypesAndSkillBox/Projects/Rhythm_Prototype/Content/AAAModularSoldier/Modules/ModularSoldierVol_1/_Textures/T_Headgears_ORM.uasset" 513
"C:/Users/dobr0/OneDrive/Documents/PrototypesAndSkillBox/Projects/Rhythm_Prototype/Content/AAAModularSoldier/Modules/ModularSoldierVol_1/_Textures/T_Headgears_ORM.uexp" 514
"../../../Engine/Content/Functions/Engine_MaterialFunctions03/Blends/Blend_Overlay.uasset" 515
"../../../Engine/Content/Functions/Engine_MaterialFunctions03/Blends/Blend_Overlay.uexp" 516
"C:/Users/dobr0/OneDrive/Documents/PrototypesAndSkillBox/Projects/Rhythm_Prototype/Content/AAAModularSoldier/Modules/ModularSoldierVol_1/_Textures/T_Gloves_N.ubulk" 517
"C:/Users/dobr0/OneDrive/Documents/PrototypesAndSkillBox/Projects/Rhythm_Prototype/Content/AAAModularSoldier/Modules/ModularSoldierVol_1/_Textures/T_Gloves_N.uasset" 518
"C:/Users/dobr0/OneDrive/Documents/PrototypesAndSkillBox/Projects/Rhythm_Prototype/Content/AAAModularSoldier/Modules/ModularSoldierVol_1/_Textures/T_Gloves_N.uexp" 519
"C:/Users/dobr0/OneDrive/Documents/PrototypesAndSkillBox/Projects/Rhythm_Prototype/Content/AAAModularSoldier/Materials/M_MasterMaterial.uasset" 520
"C:/Users/dobr0/OneDrive/Documents/PrototypesAndSkillBox/Projects/Rhythm_Prototype/Content/AAAModularSoldier/Materials/M_MasterMaterial.uexp" 521
"C:/Users/dobr0/OneDrive/Documents/PrototypesAndSkillBox/Projects/Rhythm_Prototype/Content/AAAModularSoldier/Modules/ModularSoldierVol_1/_Textures/T_Headgears_N.ubulk" 522
"C:/Users/dobr0/OneDrive/Documents/PrototypesAndSkillBox/Projects/Rhythm_Prototype/Content/AAAModularSoldier/Modules/ModularSoldierVol_1/_Textures/T_Headgears_N.uasset" 523
"C:/Users/dobr0/OneDrive/Documents/PrototypesAndSkillBox/Projects/Rhythm_Prototype/Content/AAAModularSoldier/Modules/ModularSoldierVol_1/_Textures/T_Headgears_N.uexp" 524
"C:/Users/dobr0/OneDrive/Documents/PrototypesAndSkillBox/Projects/Rhythm_Prototype/Content/AAAModularSoldier/Modules/ModularSoldierVol_1/_Materials/MI_HeadGear_ColorA.uasset" 525
"C:/Users/dobr0/OneDrive/Documents/PrototypesAndSkillBox/Projects/Rhythm_Prototype/Content/AAAModularSoldier/Modules/ModularSoldierVol_1/_Materials/MI_HeadGear_ColorA.uexp" 526
"C:/Users/dobr0/OneDrive/Documents/PrototypesAndSkillBox/Projects/Rhythm_Prototype/Content/AAAModularSoldier/Modules/ModularSoldierVol_1/_Textures/T_Pouches_D.ubulk" 527
"C:/Users/dobr0/OneDrive/Documents/PrototypesAndSkillBox/Projects/Rhythm_Prototype/Content/AAAModularSoldier/Modules/ModularSoldierVol_1/_Textures/T_Pouches_D.uasset" 528
"C:/Users/dobr0/OneDrive/Documents/PrototypesAndSkillBox/Projects/Rhythm_Prototype/Content/AAAModularSoldier/Modules/ModularSoldierVol_1/_Textures/T_Pouches_D.uexp" 529
"C:/Users/dobr0/OneDrive/Documents/PrototypesAndSkillBox/Projects/Rhythm_Prototype/Content/AAAModularSoldier/Modules/ModularSoldierVol_1/_Textures/T_Pouches_ID.ubulk" 530
"C:/Users/dobr0/OneDrive/Documents/PrototypesAndSkillBox/Projects/Rhythm_Prototype/Content/AAAModularSoldier/Modules/ModularSoldierVol_1/_Textures/T_Pouches_ID.uasset" 531
"C:/Users/dobr0/OneDrive/Documents/PrototypesAndSkillBox/Projects/Rhythm_Prototype/Content/AAAModularSoldier/Modules/ModularSoldierVol_1/_Textures/T_Pouches_ID.uexp" 532
"C:/Users/dobr0/OneDrive/Documents/PrototypesAndSkillBox/Projects/Rhythm_Prototype/Content/AAAModularSoldier/Modules/ModularSoldierVol_1/_Textures/T_Pouches_N.ubulk" 533
"C:/Users/dobr0/OneDrive/Documents/PrototypesAndSkillBox/Projects/Rhythm_Prototype/Content/AAAModularSoldier/Modules/ModularSoldierVol_1/_Textures/T_Pouches_N.uasset" 534
"C:/Users/dobr0/OneDrive/Documents/PrototypesAndSkillBox/Projects/Rhythm_Prototype/Content/AAAModularSoldier/Modules/ModularSoldierVol_1/_Textures/T_Pouches_N.uexp" 535
"C:/Users/dobr0/OneDrive/Documents/PrototypesAndSkillBox/Projects/Rhythm_Prototype/Content/AAAModularSoldier/Modules/ModularSoldierVol_1/_Textures/T_Pouches_ORM.ubulk" 536
"C:/Users/dobr0/OneDrive/Documents/PrototypesAndSkillBox/Projects/Rhythm_Prototype/Content/AAAModularSoldier/Modules/ModularSoldierVol_1/_Textures/T_Pouches_ORM.uasset" 537
"C:/Users/dobr0/OneDrive/Documents/PrototypesAndSkillBox/Projects/Rhythm_Prototype/Content/AAAModularSoldier/Modules/ModularSoldierVol_1/_Textures/T_Pouches_ORM.uexp" 538
"C:/Users/dobr0/OneDrive/Documents/PrototypesAndSkillBox/Projects/Rhythm_Prototype/Content/AAAModularSoldier/Modules/ModularSoldierVol_1/_Materials/MI_Pouches_ColorE.uasset" 539
"C:/Users/dobr0/OneDrive/Documents/PrototypesAndSkillBox/Projects/Rhythm_Prototype/Content/AAAModularSoldier/Modules/ModularSoldierVol_1/_Materials/MI_Pouches_ColorE.uexp" 540
"C:/Users/dobr0/OneDrive/Documents/PrototypesAndSkillBox/Projects/Rhythm_Prototype/Content/AAAModularSoldier/Modules/ModularSoldierVol_1/_Textures/T_Pants_N.ubulk" 541
"C:/Users/dobr0/OneDrive/Documents/PrototypesAndSkillBox/Projects/Rhythm_Prototype/Content/AAAModularSoldier/Modules/ModularSoldierVol_1/_Textures/T_Pants_N.uasset" 542
"C:/Users/dobr0/OneDrive/Documents/PrototypesAndSkillBox/Projects/Rhythm_Prototype/Content/AAAModularSoldier/Modules/ModularSoldierVol_1/_Textures/T_Pants_N.uexp" 543
"C:/Users/dobr0/OneDrive/Documents/PrototypesAndSkillBox/Projects/Rhythm_Prototype/Content/AAAModularSoldier/Modules/ModularSoldierVol_1/_Textures/T_Pants_ORM.ubulk" 544
"C:/Users/dobr0/OneDrive/Documents/PrototypesAndSkillBox/Projects/Rhythm_Prototype/Content/AAAModularSoldier/Modules/ModularSoldierVol_1/_Textures/T_Pants_ORM.uasset" 545
"C:/Users/dobr0/OneDrive/Documents/PrototypesAndSkillBox/Projects/Rhythm_Prototype/Content/AAAModularSoldier/Modules/ModularSoldierVol_1/_Textures/T_Pants_ORM.uexp" 546
"C:/Users/dobr0/OneDrive/Documents/PrototypesAndSkillBox/Projects/Rhythm_Prototype/Content/AAAModularSoldier/Modules/ModularSoldierVol_1/_Textures/T_Pants_ID.uasset" 547
"C:/Users/dobr0/OneDrive/Documents/PrototypesAndSkillBox/Projects/Rhythm_Prototype/Content/AAAModularSoldier/Modules/ModularSoldierVol_1/_Textures/T_Pants_ID.uexp" 548
"C:/Users/dobr0/OneDrive/Documents/PrototypesAndSkillBox/Projects/Rhythm_Prototype/Content/AAAModularSoldier/Modules/ModularSoldierVol_1/_Textures/T_Pants_D.ubulk" 549
"C:/Users/dobr0/OneDrive/Documents/PrototypesAndSkillBox/Projects/Rhythm_Prototype/Content/AAAModularSoldier/Modules/ModularSoldierVol_1/_Textures/T_Pants_D.uasset" 550
"C:/Users/dobr0/OneDrive/Documents/PrototypesAndSkillBox/Projects/Rhythm_Prototype/Content/AAAModularSoldier/Modules/ModularSoldierVol_1/_Textures/T_Pants_D.uexp" 551
"C:/Users/dobr0/OneDrive/Documents/PrototypesAndSkillBox/Projects/Rhythm_Prototype/Content/AAAModularSoldier/Textures/Tiles/T_Camo_MulticamA_Tile.ubulk" 552
"C:/Users/dobr0/OneDrive/Documents/PrototypesAndSkillBox/Projects/Rhythm_Prototype/Content/AAAModularSoldier/Textures/Tiles/T_Camo_MulticamA_Tile.uasset" 553
"C:/Users/dobr0/OneDrive/Documents/PrototypesAndSkillBox/Projects/Rhythm_Prototype/Content/AAAModularSoldier/Textures/Tiles/T_Camo_MulticamA_Tile.uexp" 554
"C:/Users/dobr0/OneDrive/Documents/PrototypesAndSkillBox/Projects/Rhythm_Prototype/Content/AAAModularSoldier/Modules/ModularSoldierVol_1/_Materials/MI_Pants_CamoA.uasset" 555
"C:/Users/dobr0/OneDrive/Documents/PrototypesAndSkillBox/Projects/Rhythm_Prototype/Content/AAAModularSoldier/Modules/ModularSoldierVol_1/_Materials/MI_Pants_CamoA.uexp" 556
"C:/Users/dobr0/OneDrive/Documents/PrototypesAndSkillBox/Projects/Rhythm_Prototype/Content/AAAModularSoldier/Modules/ModularSoldierVol_1/_Materials/MI_Pouches_CamoA.uasset" 557
"C:/Users/dobr0/OneDrive/Documents/PrototypesAndSkillBox/Projects/Rhythm_Prototype/Content/AAAModularSoldier/Modules/ModularSoldierVol_1/_Materials/MI_Pouches_CamoA.uexp" 558
"C:/Users/dobr0/OneDrive/Documents/PrototypesAndSkillBox/Projects/Rhythm_Prototype/Content/AAAModularSoldier/Modules/ModularSoldierVol_1/SK_SOF_PhysicsAsset.uasset" 559
"C:/Users/dobr0/OneDrive/Documents/PrototypesAndSkillBox/Projects/Rhythm_Prototype/Content/AAAModularSoldier/Modules/ModularSoldierVol_1/SK_SOF_PhysicsAsset.uexp" 560
"C:/Users/dobr0/OneDrive/Documents/PrototypesAndSkillBox/Projects/Rhythm_Prototype/Content/AAAModularSoldier/Textures/Face/T_Face_ORM.ubulk" 561
"C:/Users/dobr0/OneDrive/Documents/PrototypesAndSkillBox/Projects/Rhythm_Prototype/Content/AAAModularSoldier/Textures/Face/T_Face_ORM.uasset" 562
"C:/Users/dobr0/OneDrive/Documents/PrototypesAndSkillBox/Projects/Rhythm_Prototype/Content/AAAModularSoldier/Textures/Face/T_Face_ORM.uexp" 563
"C:/Users/dobr0/OneDrive/Documents/PrototypesAndSkillBox/Projects/Rhythm_Prototype/Content/AAAModularSoldier/Textures/Face/T_Face_Skin_D.ubulk" 564
"C:/Users/dobr0/OneDrive/Documents/PrototypesAndSkillBox/Projects/Rhythm_Prototype/Content/AAAModularSoldier/Textures/Face/T_Face_Skin_D.uasset" 565
"C:/Users/dobr0/OneDrive/Documents/PrototypesAndSkillBox/Projects/Rhythm_Prototype/Content/AAAModularSoldier/Textures/Face/T_Face_Skin_D.uexp" 566
"C:/Users/dobr0/OneDrive/Documents/PrototypesAndSkillBox/Projects/Rhythm_Prototype/Content/AAAModularSoldier/Textures/Face/T_Face_N.ubulk" 567
"C:/Users/dobr0/OneDrive/Documents/PrototypesAndSkillBox/Projects/Rhythm_Prototype/Content/AAAModularSoldier/Textures/Face/T_Face_N.uasset" 568
"C:/Users/dobr0/OneDrive/Documents/PrototypesAndSkillBox/Projects/Rhythm_Prototype/Content/AAAModularSoldier/Textures/Face/T_Face_N.uexp" 569
"C:/Users/dobr0/OneDrive/Documents/PrototypesAndSkillBox/Projects/Rhythm_Prototype/Content/AAAModularSoldier/Materials/M_Skin_Master.uasset" 570
"C:/Users/dobr0/OneDrive/Documents/PrototypesAndSkillBox/Projects/Rhythm_Prototype/Content/AAAModularSoldier/Materials/M_Skin_Master.uexp" 571
"C:/Users/dobr0/OneDrive/Documents/PrototypesAndSkillBox/Projects/Rhythm_Prototype/Content/AAAModularSoldier/Materials/MI_Skin_A.uasset" 572
"C:/Users/dobr0/OneDrive/Documents/PrototypesAndSkillBox/Projects/Rhythm_Prototype/Content/AAAModularSoldier/Materials/MI_Skin_A.uexp" 573
"C:/Users/dobr0/OneDrive/Documents/PrototypesAndSkillBox/Projects/Rhythm_Prototype/Content/AAAModularSoldier/Modules/ModularSoldierVol_1/_Textures/T_Unloading_ID.uasset" 574
"C:/Users/dobr0/OneDrive/Documents/PrototypesAndSkillBox/Projects/Rhythm_Prototype/Content/AAAModularSoldier/Modules/ModularSoldierVol_1/_Textures/T_Unloading_ID.uexp" 575
"C:/Users/dobr0/OneDrive/Documents/PrototypesAndSkillBox/Projects/Rhythm_Prototype/Content/AAAModularSoldier/Modules/ModularSoldierVol_1/_Textures/T_Unloading_ORM.ubulk" 576
"C:/Users/dobr0/OneDrive/Documents/PrototypesAndSkillBox/Projects/Rhythm_Prototype/Content/AAAModularSoldier/Modules/ModularSoldierVol_1/_Textures/T_Unloading_ORM.uasset" 577
"C:/Users/dobr0/OneDrive/Documents/PrototypesAndSkillBox/Projects/Rhythm_Prototype/Content/AAAModularSoldier/Modules/ModularSoldierVol_1/_Textures/T_Unloading_ORM.uexp" 578
"C:/Users/dobr0/OneDrive/Documents/PrototypesAndSkillBox/Projects/Rhythm_Prototype/Content/AAAModularSoldier/Modules/ModularSoldierVol_1/_Textures/T_Unloading_D.ubulk" 579
"C:/Users/dobr0/OneDrive/Documents/PrototypesAndSkillBox/Projects/Rhythm_Prototype/Content/AAAModularSoldier/Modules/ModularSoldierVol_1/_Textures/T_Unloading_D.uasset" 580
"C:/Users/dobr0/OneDrive/Documents/PrototypesAndSkillBox/Projects/Rhythm_Prototype/Content/AAAModularSoldier/Modules/ModularSoldierVol_1/_Textures/T_Unloading_D.uexp" 581
"C:/Users/dobr0/OneDrive/Documents/PrototypesAndSkillBox/Projects/Rhythm_Prototype/Content/AAAModularSoldier/Modules/ModularSoldierVol_1/_Textures/T_Unloading_N.ubulk" 582
"C:/Users/dobr0/OneDrive/Documents/PrototypesAndSkillBox/Projects/Rhythm_Prototype/Content/AAAModularSoldier/Modules/ModularSoldierVol_1/_Textures/T_Unloading_N.uasset" 583
"C:/Users/dobr0/OneDrive/Documents/PrototypesAndSkillBox/Projects/Rhythm_Prototype/Content/AAAModularSoldier/Modules/ModularSoldierVol_1/_Textures/T_Unloading_N.uexp" 584
"C:/Users/dobr0/OneDrive/Documents/PrototypesAndSkillBox/Projects/Rhythm_Prototype/Content/AAAModularSoldier/Modules/ModularSoldierVol_1/_Materials/MI_Unloading_CamoA.uasset" 585
"C:/Users/dobr0/OneDrive/Documents/PrototypesAndSkillBox/Projects/Rhythm_Prototype/Content/AAAModularSoldier/Modules/ModularSoldierVol_1/_Materials/MI_Unloading_CamoA.uexp" 586
"C:/Users/dobr0/OneDrive/Documents/PrototypesAndSkillBox/Projects/Rhythm_Prototype/Content/AAAModularSoldier/Modules/ModularSoldierVol_1/_Textures/T_Gloves_D.uasset" 587
"C:/Users/dobr0/OneDrive/Documents/PrototypesAndSkillBox/Projects/Rhythm_Prototype/Content/AAAModularSoldier/Modules/ModularSoldierVol_1/_Textures/T_Gloves_D.uexp" 588
"C:/Users/dobr0/OneDrive/Documents/PrototypesAndSkillBox/Projects/Rhythm_Prototype/Content/AAAModularSoldier/Modules/ModularSoldierVol_1/_Textures/T_Gloves_ID.uasset" 589
"C:/Users/dobr0/OneDrive/Documents/PrototypesAndSkillBox/Projects/Rhythm_Prototype/Content/AAAModularSoldier/Modules/ModularSoldierVol_1/_Textures/T_Gloves_ID.uexp" 590
"C:/Users/dobr0/OneDrive/Documents/PrototypesAndSkillBox/Projects/Rhythm_Prototype/Content/AAAModularSoldier/Modules/ModularSoldierVol_1/_Textures/T_Gloves_ORM.ubulk" 591
"C:/Users/dobr0/OneDrive/Documents/PrototypesAndSkillBox/Projects/Rhythm_Prototype/Content/AAAModularSoldier/Modules/ModularSoldierVol_1/_Textures/T_Gloves_ORM.uasset" 592
"C:/Users/dobr0/OneDrive/Documents/PrototypesAndSkillBox/Projects/Rhythm_Prototype/Content/AAAModularSoldier/Modules/ModularSoldierVol_1/_Textures/T_Gloves_ORM.uexp" 593
"C:/Users/dobr0/OneDrive/Documents/PrototypesAndSkillBox/Projects/Rhythm_Prototype/Content/AAAModularSoldier/Modules/ModularSoldierVol_1/_Materials/MI_Gloves_ColorA.uasset" 594
"C:/Users/dobr0/OneDrive/Documents/PrototypesAndSkillBox/Projects/Rhythm_Prototype/Content/AAAModularSoldier/Modules/ModularSoldierVol_1/_Materials/MI_Gloves_ColorA.uexp" 595
"C:/Users/dobr0/OneDrive/Documents/PrototypesAndSkillBox/Projects/Rhythm_Prototype/Content/AAAModularSoldier/Textures/Eyes/T_EyeLashes.ubulk" 596
"C:/Users/dobr0/OneDrive/Documents/PrototypesAndSkillBox/Projects/Rhythm_Prototype/Content/AAAModularSoldier/Textures/Eyes/T_EyeLashes.uasset" 597
"C:/Users/dobr0/OneDrive/Documents/PrototypesAndSkillBox/Projects/Rhythm_Prototype/Content/AAAModularSoldier/Textures/Eyes/T_EyeLashes.uexp" 598
"C:/Users/dobr0/OneDrive/Documents/PrototypesAndSkillBox/Projects/Rhythm_Prototype/Content/AAAModularSoldier/Materials/M_EyeLashes.uasset" 599
"C:/Users/dobr0/OneDrive/Documents/PrototypesAndSkillBox/Projects/Rhythm_Prototype/Content/AAAModularSoldier/Materials/M_EyeLashes.uexp" 600
"C:/Users/dobr0/OneDrive/Documents/PrototypesAndSkillBox/Projects/Rhythm_Prototype/Content/AAAModularSoldier/Materials/MI_EyeLashes.uasset" 601
"C:/Users/dobr0/OneDrive/Documents/PrototypesAndSkillBox/Projects/Rhythm_Prototype/Content/AAAModularSoldier/Materials/MI_EyeLashes.uexp" 602
"C:/Users/dobr0/OneDrive/Documents/PrototypesAndSkillBox/Projects/Rhythm_Prototype/Content/AAAModularSoldier/Modules/ModularSoldierVol_1/_Textures/T_Shirt_D.ubulk" 603
"C:/Users/dobr0/OneDrive/Documents/PrototypesAndSkillBox/Projects/Rhythm_Prototype/Content/AAAModularSoldier/Modules/ModularSoldierVol_1/_Textures/T_Shirt_D.uasset" 604
"C:/Users/dobr0/OneDrive/Documents/PrototypesAndSkillBox/Projects/Rhythm_Prototype/Content/AAAModularSoldier/Modules/ModularSoldierVol_1/_Textures/T_Shirt_D.uexp" 605
"C:/Users/dobr0/OneDrive/Documents/PrototypesAndSkillBox/Projects/Rhythm_Prototype/Content/AAAModularSoldier/Modules/ModularSoldierVol_1/_Textures/T_Shirt_ORM.ubulk" 606
"C:/Users/dobr0/OneDrive/Documents/PrototypesAndSkillBox/Projects/Rhythm_Prototype/Content/AAAModularSoldier/Modules/ModularSoldierVol_1/_Textures/T_Shirt_ORM.uasset" 607
"C:/Users/dobr0/OneDrive/Documents/PrototypesAndSkillBox/Projects/Rhythm_Prototype/Content/AAAModularSoldier/Modules/ModularSoldierVol_1/_Textures/T_Shirt_ORM.uexp" 608
"C:/Users/dobr0/OneDrive/Documents/PrototypesAndSkillBox/Projects/Rhythm_Prototype/Content/AAAModularSoldier/Modules/ModularSoldierVol_1/_Textures/T_Shirt_N.ubulk" 609
"C:/Users/dobr0/OneDrive/Documents/PrototypesAndSkillBox/Projects/Rhythm_Prototype/Content/AAAModularSoldier/Modules/ModularSoldierVol_1/_Textures/T_Shirt_N.uasset" 610
"C:/Users/dobr0/OneDrive/Documents/PrototypesAndSkillBox/Projects/Rhythm_Prototype/Content/AAAModularSoldier/Modules/ModularSoldierVol_1/_Textures/T_Shirt_N.uexp" 611
"C:/Users/dobr0/OneDrive/Documents/PrototypesAndSkillBox/Projects/Rhythm_Prototype/Content/AAAModularSoldier/Modules/ModularSoldierVol_1/_Textures/T_Shirt_ID.uasset" 612
"C:/Users/dobr0/OneDrive/Documents/PrototypesAndSkillBox/Projects/Rhythm_Prototype/Content/AAAModularSoldier/Modules/ModularSoldierVol_1/_Textures/T_Shirt_ID.uexp" 613
"C:/Users/dobr0/OneDrive/Documents/PrototypesAndSkillBox/Projects/Rhythm_Prototype/Content/AAAModularSoldier/Modules/ModularSoldierVol_1/_Materials/MI_Shirt_CamoA.uasset" 614
"C:/Users/dobr0/OneDrive/Documents/PrototypesAndSkillBox/Projects/Rhythm_Prototype/Content/AAAModularSoldier/Modules/ModularSoldierVol_1/_Materials/MI_Shirt_CamoA.uexp" 615
"C:/Users/dobr0/OneDrive/Documents/PrototypesAndSkillBox/Projects/Rhythm_Prototype/Content/AAAModularSoldier/Materials/M_MasterGlass.uasset" 616
"C:/Users/dobr0/OneDrive/Documents/PrototypesAndSkillBox/Projects/Rhythm_Prototype/Content/AAAModularSoldier/Materials/M_MasterGlass.uexp" 617
"C:/Users/dobr0/OneDrive/Documents/PrototypesAndSkillBox/Projects/Rhythm_Prototype/Content/AAAModularSoldier/Modules/ModularSoldierVol_1/_Materials/MI_Glass_A.uasset" 618
"C:/Users/dobr0/OneDrive/Documents/PrototypesAndSkillBox/Projects/Rhythm_Prototype/Content/AAAModularSoldier/Modules/ModularSoldierVol_1/_Materials/MI_Glass_A.uexp" 619
"C:/Users/dobr0/OneDrive/Documents/PrototypesAndSkillBox/Projects/Rhythm_Prototype/Content/AAAModularSoldier/Modules/ModularSoldierVol_1/SK_SOF_A.uasset" 620
"C:/Users/dobr0/OneDrive/Documents/PrototypesAndSkillBox/Projects/Rhythm_Prototype/Content/AAAModularSoldier/Modules/ModularSoldierVol_1/SK_SOF_A.uexp" 621
"C:/Users/dobr0/OneDrive/Documents/PrototypesAndSkillBox/Projects/Rhythm_Prototype/Content/RhythmGame/Enum/E_EnemyRadiusDamage.uasset" 622
"C:/Users/dobr0/OneDrive/Documents/PrototypesAndSkillBox/Projects/Rhythm_Prototype/Content/RhythmGame/Enum/E_EnemyRadiusDamage.uexp" 623
"C:/Users/dobr0/OneDrive/Documents/PrototypesAndSkillBox/Projects/Rhythm_Prototype/Content/RhythmGame/Input/Actions/IA_Attack.uasset" 624
"C:/Users/dobr0/OneDrive/Documents/PrototypesAndSkillBox/Projects/Rhythm_Prototype/Content/RhythmGame/Input/Actions/IA_Attack.uexp" 625
"C:/Users/dobr0/OneDrive/Documents/PrototypesAndSkillBox/Projects/Rhythm_Prototype/Content/RhythmGame/Input/Actions/IA_A_Key.uasset" 626
"C:/Users/dobr0/OneDrive/Documents/PrototypesAndSkillBox/Projects/Rhythm_Prototype/Content/RhythmGame/Input/Actions/IA_A_Key.uexp" 627
"C:/Users/dobr0/OneDrive/Documents/PrototypesAndSkillBox/Projects/Rhythm_Prototype/Content/RhythmGame/UI/8901.uasset" 628
"C:/Users/dobr0/OneDrive/Documents/PrototypesAndSkillBox/Projects/Rhythm_Prototype/Content/RhythmGame/UI/8901.uexp" 629
"C:/Users/dobr0/OneDrive/Documents/PrototypesAndSkillBox/Projects/Rhythm_Prototype/Content/RhythmGame/UI/WBP_LoseScreen.uasset" 630
"C:/Users/dobr0/OneDrive/Documents/PrototypesAndSkillBox/Projects/Rhythm_Prototype/Content/RhythmGame/UI/WBP_LoseScreen.uexp" 631
"C:/Users/dobr0/OneDrive/Documents/PrototypesAndSkillBox/Projects/Rhythm_Prototype/Content/RhythmGame/GhostSamurai_Bundle/GhostSamurai/Character/Mesh/UE4_GhostSamurai_katana_Skeleton.uasset" 632
"C:/Users/dobr0/OneDrive/Documents/PrototypesAndSkillBox/Projects/Rhythm_Prototype/Content/RhythmGame/GhostSamurai_Bundle/GhostSamurai/Character/Mesh/UE4_GhostSamurai_katana_Skeleton.uexp" 633
"C:/Users/dobr0/OneDrive/Documents/PrototypesAndSkillBox/Projects/Rhythm_Prototype/Content/RhythmGame/GhostSamurai_Bundle/GhostSamurai/Katana/Apose/Attack/Inplace/GhostSamurai_APose_Attack01_1_ALL_Inplace.uasset" 634
"C:/Users/dobr0/OneDrive/Documents/PrototypesAndSkillBox/Projects/Rhythm_Prototype/Content/RhythmGame/GhostSamurai_Bundle/GhostSamurai/Katana/Apose/Attack/Inplace/GhostSamurai_APose_Attack01_1_ALL_Inplace.uexp" 635
"C:/Users/dobr0/OneDrive/Documents/PrototypesAndSkillBox/Projects/Rhythm_Prototype/Content/RhythmGame/Animations/AM_Attack1.uasset" 636
"C:/Users/dobr0/OneDrive/Documents/PrototypesAndSkillBox/Projects/Rhythm_Prototype/Content/RhythmGame/Animations/AM_Attack1.uexp" 637
"C:/Users/dobr0/OneDrive/Documents/PrototypesAndSkillBox/Projects/Rhythm_Prototype/Content/RhythmGame/Animations/MM_Fall_Loop.uasset" 638
"C:/Users/dobr0/OneDrive/Documents/PrototypesAndSkillBox/Projects/Rhythm_Prototype/Content/RhythmGame/Animations/MM_Fall_Loop.uexp" 639
"C:/Users/dobr0/OneDrive/Documents/PrototypesAndSkillBox/Projects/Rhythm_Prototype/Content/RhythmGame/GhostSamurai_Bundle/GhostSamurai/Katana/Apose/GhostSamurai_APose_Idle.uasset" 640
"C:/Users/dobr0/OneDrive/Documents/PrototypesAndSkillBox/Projects/Rhythm_Prototype/Content/RhythmGame/GhostSamurai_Bundle/GhostSamurai/Katana/Apose/GhostSamurai_APose_Idle.uexp" 641
"C:/Users/dobr0/OneDrive/Documents/PrototypesAndSkillBox/Projects/Rhythm_Prototype/Content/RhythmGame/Animations/MM_Jump.uasset" 642
"C:/Users/dobr0/OneDrive/Documents/PrototypesAndSkillBox/Projects/Rhythm_Prototype/Content/RhythmGame/Animations/MM_Jump.uexp" 643
"C:/Users/dobr0/OneDrive/Documents/PrototypesAndSkillBox/Projects/Rhythm_Prototype/Content/RhythmGame/GhostSamurai_Bundle/GhostSamurai/Katana/Apose/Movement/Inplace/GhostSamurai_APose_Strafe_Run_F_Sprint_Inplace.uasset" 644
"C:/Users/dobr0/OneDrive/Documents/PrototypesAndSkillBox/Projects/Rhythm_Prototype/Content/RhythmGame/GhostSamurai_Bundle/GhostSamurai/Katana/Apose/Movement/Inplace/GhostSamurai_APose_Strafe_Run_F_Sprint_Inplace.uexp" 645
"C:/Users/dobr0/OneDrive/Documents/PrototypesAndSkillBox/Projects/Rhythm_Prototype/Content/RhythmGame/GhostSamurai_Bundle/GhostSamurai/Katana/Defense/Inplace/GhostSamurai_DefenseL_Walk_F_Inplace.uasset" 646
"C:/Users/dobr0/OneDrive/Documents/PrototypesAndSkillBox/Projects/Rhythm_Prototype/Content/RhythmGame/GhostSamurai_Bundle/GhostSamurai/Katana/Defense/Inplace/GhostSamurai_DefenseL_Walk_F_Inplace.uexp" 647
"C:/Users/dobr0/OneDrive/Documents/PrototypesAndSkillBox/Projects/Rhythm_Prototype/Content/RhythmGame/Animations/BS_MM_WalkRun.uasset" 648
"C:/Users/dobr0/OneDrive/Documents/PrototypesAndSkillBox/Projects/Rhythm_Prototype/Content/RhythmGame/Animations/BS_MM_WalkRun.uexp" 649
"C:/Users/dobr0/OneDrive/Documents/PrototypesAndSkillBox/Projects/Rhythm_Prototype/Content/RhythmGame/Animations/ABP_GhostSamurai.uasset" 650
"C:/Users/dobr0/OneDrive/Documents/PrototypesAndSkillBox/Projects/Rhythm_Prototype/Content/RhythmGame/Animations/ABP_GhostSamurai.uexp" 651
"C:/Users/dobr0/OneDrive/Documents/PrototypesAndSkillBox/Projects/Rhythm_Prototype/Content/RhythmGame/GhostSamurai_Bundle/GhostSamurai/Weapon/Materials/Mat_Weapon.uasset" 652
"C:/Users/dobr0/OneDrive/Documents/PrototypesAndSkillBox/Projects/Rhythm_Prototype/Content/RhythmGame/GhostSamurai_Bundle/GhostSamurai/Weapon/Materials/Mat_Weapon.uexp" 653
"C:/Users/dobr0/OneDrive/Documents/PrototypesAndSkillBox/Projects/Rhythm_Prototype/Content/RhythmGame/GhostSamurai_Bundle/GhostSamurai/Weapon/Materials/Mat_Weapon_2.uasset" 654
"C:/Users/dobr0/OneDrive/Documents/PrototypesAndSkillBox/Projects/Rhythm_Prototype/Content/RhythmGame/GhostSamurai_Bundle/GhostSamurai/Weapon/Materials/Mat_Weapon_2.uexp" 655
"C:/Users/dobr0/OneDrive/Documents/PrototypesAndSkillBox/Projects/Rhythm_Prototype/Content/RhythmGame/GhostSamurai_Bundle/GhostSamurai/Weapon/Materials/Mat_Weapon_3.uasset" 656
"C:/Users/dobr0/OneDrive/Documents/PrototypesAndSkillBox/Projects/Rhythm_Prototype/Content/RhythmGame/GhostSamurai_Bundle/GhostSamurai/Weapon/Materials/Mat_Weapon_3.uexp" 657
"C:/Users/dobr0/OneDrive/Documents/PrototypesAndSkillBox/Projects/Rhythm_Prototype/Content/RhythmGame/GhostSamurai_Bundle/GhostSamurai/Weapon/Mesh/Katana/SM_Katana01.ubulk" 658
"C:/Users/dobr0/OneDrive/Documents/PrototypesAndSkillBox/Projects/Rhythm_Prototype/Content/RhythmGame/GhostSamurai_Bundle/GhostSamurai/Weapon/Mesh/Katana/SM_Katana01.uasset" 659
"C:/Users/dobr0/OneDrive/Documents/PrototypesAndSkillBox/Projects/Rhythm_Prototype/Content/RhythmGame/GhostSamurai_Bundle/GhostSamurai/Weapon/Mesh/Katana/SM_Katana01.uexp" 660
"C:/Users/dobr0/OneDrive/Documents/PrototypesAndSkillBox/Projects/Rhythm_Prototype/Content/RhythmGame/Input/Actions/IA_Jump.uasset" 661
"C:/Users/dobr0/OneDrive/Documents/PrototypesAndSkillBox/Projects/Rhythm_Prototype/Content/RhythmGame/Input/Actions/IA_Jump.uexp" 662
"C:/Users/dobr0/OneDrive/Documents/PrototypesAndSkillBox/Projects/Rhythm_Prototype/Content/RhythmGame/UI/5b1b008978c71dfee9eb0d7e9340b01f.uasset" 663
"C:/Users/dobr0/OneDrive/Documents/PrototypesAndSkillBox/Projects/Rhythm_Prototype/Content/RhythmGame/UI/5b1b008978c71dfee9eb0d7e9340b01f.uexp" 664
"C:/Users/dobr0/OneDrive/Documents/PrototypesAndSkillBox/Projects/Rhythm_Prototype/Content/RhythmGame/UI/WBP_Ui.uasset" 665
"C:/Users/dobr0/OneDrive/Documents/PrototypesAndSkillBox/Projects/Rhythm_Prototype/Content/RhythmGame/UI/WBP_Ui.uexp" 666
"C:/Users/dobr0/OneDrive/Documents/PrototypesAndSkillBox/Projects/Rhythm_Prototype/Content/RhythmGame/Input/Actions/IA_S_Key.uasset" 667
"C:/Users/dobr0/OneDrive/Documents/PrototypesAndSkillBox/Projects/Rhythm_Prototype/Content/RhythmGame/Input/Actions/IA_S_Key.uexp" 668
"C:/Users/dobr0/OneDrive/Documents/PrototypesAndSkillBox/Projects/Rhythm_Prototype/Content/RhythmGame/GhostSamurai_Bundle/GhostSamurai/Katana/Apose/Attack/Inplace/GhostSamurai_APose_Attack02_3_Inplace.uasset" 669
"C:/Users/dobr0/OneDrive/Documents/PrototypesAndSkillBox/Projects/Rhythm_Prototype/Content/RhythmGame/GhostSamurai_Bundle/GhostSamurai/Katana/Apose/Attack/Inplace/GhostSamurai_APose_Attack02_3_Inplace.uexp" 670
"C:/Users/dobr0/OneDrive/Documents/PrototypesAndSkillBox/Projects/Rhythm_Prototype/Content/RhythmGame/Animations/AM_Attack3.uasset" 671
"C:/Users/dobr0/OneDrive/Documents/PrototypesAndSkillBox/Projects/Rhythm_Prototype/Content/RhythmGame/Animations/AM_Attack3.uexp" 672
"C:/Users/dobr0/OneDrive/Documents/PrototypesAndSkillBox/Projects/Rhythm_Prototype/Content/RhythmGame/GhostSamurai_Bundle/Mannequin/Character/Materials/MaterialLayers/T_ML_Rubber_Blue_01_N.ubulk" 673
"C:/Users/dobr0/OneDrive/Documents/PrototypesAndSkillBox/Projects/Rhythm_Prototype/Content/RhythmGame/GhostSamurai_Bundle/Mannequin/Character/Materials/MaterialLayers/T_ML_Rubber_Blue_01_N.uasset" 674
"C:/Users/dobr0/OneDrive/Documents/PrototypesAndSkillBox/Projects/Rhythm_Prototype/Content/RhythmGame/GhostSamurai_Bundle/Mannequin/Character/Materials/MaterialLayers/T_ML_Rubber_Blue_01_N.uexp" 675
"../../../Engine/Content/Functions/Engine_MaterialFunctions02/Utility/BlendAngleCorrectedNormals.uasset" 676
"../../../Engine/Content/Functions/Engine_MaterialFunctions02/Utility/BlendAngleCorrectedNormals.uexp" 677
"C:/Users/dobr0/OneDrive/Documents/PrototypesAndSkillBox/Projects/Rhythm_Prototype/Content/RhythmGame/GhostSamurai_Bundle/Mannequin/Character/Textures/UE4_LOGO_CARD.ubulk" 678
"C:/Users/dobr0/OneDrive/Documents/PrototypesAndSkillBox/Projects/Rhythm_Prototype/Content/RhythmGame/GhostSamurai_Bundle/Mannequin/Character/Textures/UE4_LOGO_CARD.uasset" 679
"C:/Users/dobr0/OneDrive/Documents/PrototypesAndSkillBox/Projects/Rhythm_Prototype/Content/RhythmGame/GhostSamurai_Bundle/Mannequin/Character/Textures/UE4_LOGO_CARD.uexp" 680
"../../../Engine/Content/Functions/MaterialLayerFunctions/MatLayerBlend_NormalBlend.uasset" 681
"../../../Engine/Content/Functions/MaterialLayerFunctions/MatLayerBlend_NormalBlend.uexp" 682
"C:/Users/dobr0/OneDrive/Documents/PrototypesAndSkillBox/Projects/Rhythm_Prototype/Content/RhythmGame/GhostSamurai_Bundle/Mannequin/Character/Materials/MaterialLayers/T_ML_Rubber_Blue_01_D.ubulk" 683
"C:/Users/dobr0/OneDrive/Documents/PrototypesAndSkillBox/Projects/Rhythm_Prototype/Content/RhythmGame/GhostSamurai_Bundle/Mannequin/Character/Materials/MaterialLayers/T_ML_Rubber_Blue_01_D.uasset" 684
"C:/Users/dobr0/OneDrive/Documents/PrototypesAndSkillBox/Projects/Rhythm_Prototype/Content/RhythmGame/GhostSamurai_Bundle/Mannequin/Character/Materials/MaterialLayers/T_ML_Rubber_Blue_01_D.uexp" 685
"C:/Users/dobr0/OneDrive/Documents/PrototypesAndSkillBox/Projects/Rhythm_Prototype/Content/RhythmGame/GhostSamurai_Bundle/Mannequin/Character/Materials/MaterialLayers/T_ML_Aluminum01.ubulk" 686
"C:/Users/dobr0/OneDrive/Documents/PrototypesAndSkillBox/Projects/Rhythm_Prototype/Content/RhythmGame/GhostSamurai_Bundle/Mannequin/Character/Materials/MaterialLayers/T_ML_Aluminum01.uasset" 687
"C:/Users/dobr0/OneDrive/Documents/PrototypesAndSkillBox/Projects/Rhythm_Prototype/Content/RhythmGame/GhostSamurai_Bundle/Mannequin/Character/Materials/MaterialLayers/T_ML_Aluminum01.uexp" 688
"C:/Users/dobr0/OneDrive/Documents/PrototypesAndSkillBox/Projects/Rhythm_Prototype/Content/RhythmGame/GhostSamurai_Bundle/Mannequin/Character/Textures/UE4_Mannequin_MAT_MASKA.ubulk" 689
"C:/Users/dobr0/OneDrive/Documents/PrototypesAndSkillBox/Projects/Rhythm_Prototype/Content/RhythmGame/GhostSamurai_Bundle/Mannequin/Character/Textures/UE4_Mannequin_MAT_MASKA.uasset" 690
"C:/Users/dobr0/OneDrive/Documents/PrototypesAndSkillBox/Projects/Rhythm_Prototype/Content/RhythmGame/GhostSamurai_Bundle/Mannequin/Character/Textures/UE4_Mannequin_MAT_MASKA.uexp" 691
"../../../Engine/Content/Functions/MaterialLayerFunctions/MatLayerBlend_Simple.uasset" 692
"../../../Engine/Content/Functions/MaterialLayerFunctions/MatLayerBlend_Simple.uexp" 693
"C:/Users/dobr0/OneDrive/Documents/PrototypesAndSkillBox/Projects/Rhythm_Prototype/Content/RhythmGame/GhostSamurai_Bundle/Mannequin/Character/Materials/MaterialLayers/T_ML_Aluminum01_N.ubulk" 694
"C:/Users/dobr0/OneDrive/Documents/PrototypesAndSkillBox/Projects/Rhythm_Prototype/Content/RhythmGame/GhostSamurai_Bundle/Mannequin/Character/Materials/MaterialLayers/T_ML_Aluminum01_N.uasset" 695
"C:/Users/dobr0/OneDrive/Documents/PrototypesAndSkillBox/Projects/Rhythm_Prototype/Content/RhythmGame/GhostSamurai_Bundle/Mannequin/Character/Materials/MaterialLayers/T_ML_Aluminum01_N.uexp" 696
"C:/Users/dobr0/OneDrive/Documents/PrototypesAndSkillBox/Projects/Rhythm_Prototype/Content/RhythmGame/GhostSamurai_Bundle/Mannequin/Character/Textures/UE4_Mannequin__normals.ubulk" 697
"C:/Users/dobr0/OneDrive/Documents/PrototypesAndSkillBox/Projects/Rhythm_Prototype/Content/RhythmGame/GhostSamurai_Bundle/Mannequin/Character/Textures/UE4_Mannequin__normals.uasset" 698
"C:/Users/dobr0/OneDrive/Documents/PrototypesAndSkillBox/Projects/Rhythm_Prototype/Content/RhythmGame/GhostSamurai_Bundle/Mannequin/Character/Textures/UE4_Mannequin__normals.uexp" 699
"C:/Users/dobr0/OneDrive/Documents/PrototypesAndSkillBox/Projects/Rhythm_Prototype/Content/RhythmGame/GhostSamurai_Bundle/Mannequin/Character/Materials/MaterialLayers/ML_SoftMetal_UE4.uasset" 700
"C:/Users/dobr0/OneDrive/Documents/PrototypesAndSkillBox/Projects/Rhythm_Prototype/Content/RhythmGame/GhostSamurai_Bundle/Mannequin/Character/Materials/MaterialLayers/ML_SoftMetal_UE4.uexp" 701
"C:/Users/dobr0/OneDrive/Documents/PrototypesAndSkillBox/Projects/Rhythm_Prototype/Content/RhythmGame/GhostSamurai_Bundle/Mannequin/Character/Materials/MaterialLayers/ML_GlossyBlack_Latex_UE4.uasset" 702
"C:/Users/dobr0/OneDrive/Documents/PrototypesAndSkillBox/Projects/Rhythm_Prototype/Content/RhythmGame/GhostSamurai_Bundle/Mannequin/Character/Materials/MaterialLayers/ML_GlossyBlack_Latex_UE4.uexp" 703
"C:/Users/dobr0/OneDrive/Documents/PrototypesAndSkillBox/Projects/Rhythm_Prototype/Content/RhythmGame/GhostSamurai_Bundle/Mannequin/Character/Materials/MaterialLayers/ML_Plastic_Shiny_Beige.uasset" 704
"C:/Users/dobr0/OneDrive/Documents/PrototypesAndSkillBox/Projects/Rhythm_Prototype/Content/RhythmGame/GhostSamurai_Bundle/Mannequin/Character/Materials/MaterialLayers/ML_Plastic_Shiny_Beige.uexp" 705
"C:/Users/dobr0/OneDrive/Documents/PrototypesAndSkillBox/Projects/Rhythm_Prototype/Content/RhythmGame/GhostSamurai_Bundle/Mannequin/Character/Materials/MaterialLayers/ML_Plastic_Shiny_Beige_LOGO.uasset" 706
"C:/Users/dobr0/OneDrive/Documents/PrototypesAndSkillBox/Projects/Rhythm_Prototype/Content/RhythmGame/GhostSamurai_Bundle/Mannequin/Character/Materials/MaterialLayers/ML_Plastic_Shiny_Beige_LOGO.uexp" 707
"C:/Users/dobr0/OneDrive/Documents/PrototypesAndSkillBox/Projects/Rhythm_Prototype/Content/RhythmGame/GhostSamurai_Bundle/Mannequin/Character/Materials/M_UE4Man_Body.uasset" 708
"C:/Users/dobr0/OneDrive/Documents/PrototypesAndSkillBox/Projects/Rhythm_Prototype/Content/RhythmGame/GhostSamurai_Bundle/Mannequin/Character/Materials/M_UE4Man_Body.uexp" 709
"C:/Users/dobr0/OneDrive/Documents/PrototypesAndSkillBox/Projects/Rhythm_Prototype/Content/RhythmGame/Enum/E_PlayerLineState.uasset" 710
"C:/Users/dobr0/OneDrive/Documents/PrototypesAndSkillBox/Projects/Rhythm_Prototype/Content/RhythmGame/Enum/E_PlayerLineState.uexp" 711
"C:/Users/dobr0/OneDrive/Documents/PrototypesAndSkillBox/Projects/Rhythm_Prototype/Content/RhythmGame/GhostSamurai_Bundle/Mannequin/Character/Textures/UE4Man_Logo_N.ubulk" 712
"C:/Users/dobr0/OneDrive/Documents/PrototypesAndSkillBox/Projects/Rhythm_Prototype/Content/RhythmGame/GhostSamurai_Bundle/Mannequin/Character/Textures/UE4Man_Logo_N.uasset" 713
"C:/Users/dobr0/OneDrive/Documents/PrototypesAndSkillBox/Projects/Rhythm_Prototype/Content/RhythmGame/GhostSamurai_Bundle/Mannequin/Character/Textures/UE4Man_Logo_N.uexp" 714
"C:/Users/dobr0/OneDrive/Documents/PrototypesAndSkillBox/Projects/Rhythm_Prototype/Content/RhythmGame/GhostSamurai_Bundle/Mannequin/Character/Materials/M_UE4Man_ChestLogo.uasset" 715
"C:/Users/dobr0/OneDrive/Documents/PrototypesAndSkillBox/Projects/Rhythm_Prototype/Content/RhythmGame/GhostSamurai_Bundle/Mannequin/Character/Materials/M_UE4Man_ChestLogo.uexp" 716
"C:/Users/dobr0/OneDrive/Documents/PrototypesAndSkillBox/Projects/Rhythm_Prototype/Content/RhythmGame/GhostSamurai_Bundle/GhostSamurai/Character/Mesh/SK_GhostSamurai.uasset" 717
"C:/Users/dobr0/OneDrive/Documents/PrototypesAndSkillBox/Projects/Rhythm_Prototype/Content/RhythmGame/GhostSamurai_Bundle/GhostSamurai/Character/Mesh/SK_GhostSamurai.uexp" 718
"C:/Users/dobr0/OneDrive/Documents/PrototypesAndSkillBox/Projects/Rhythm_Prototype/Content/RhythmGame/Input/Actions/IA_Look.uasset" 719
"C:/Users/dobr0/OneDrive/Documents/PrototypesAndSkillBox/Projects/Rhythm_Prototype/Content/RhythmGame/Input/Actions/IA_Look.uexp" 720
"C:/Users/dobr0/OneDrive/Documents/PrototypesAndSkillBox/Projects/Rhythm_Prototype/Content/RhythmGame/Input/Actions/IA_D_key.uasset" 721
"C:/Users/dobr0/OneDrive/Documents/PrototypesAndSkillBox/Projects/Rhythm_Prototype/Content/RhythmGame/Input/Actions/IA_D_key.uexp" 722
"C:/Users/dobr0/OneDrive/Documents/PrototypesAndSkillBox/Projects/Rhythm_Prototype/Content/RhythmGame/Input/IMC_Default.uasset" 723
"C:/Users/dobr0/OneDrive/Documents/PrototypesAndSkillBox/Projects/Rhythm_Prototype/Content/RhythmGame/Input/IMC_Default.uexp" 724
"C:/Users/dobr0/OneDrive/Documents/PrototypesAndSkillBox/Projects/Rhythm_Prototype/Content/RhythmGame/Blueprints/BP_ThirdPersonCharacter.uasset" 725
"C:/Users/dobr0/OneDrive/Documents/PrototypesAndSkillBox/Projects/Rhythm_Prototype/Content/RhythmGame/Blueprints/BP_ThirdPersonCharacter.uexp" 726
"C:/Users/dobr0/OneDrive/Documents/PrototypesAndSkillBox/Projects/Rhythm_Prototype/Content/BloodPack/_Commons/Textures/Reflections/T_LiquidReflection_01.uasset" 727
"C:/Users/dobr0/OneDrive/Documents/PrototypesAndSkillBox/Projects/Rhythm_Prototype/Content/BloodPack/_Commons/Textures/Reflections/T_LiquidReflection_01.uexp" 728
"C:/Users/dobr0/OneDrive/Documents/PrototypesAndSkillBox/Projects/Rhythm_Prototype/Content/BloodPack/_Commons/Textures/Splatters/SplatterDirectionalThick02/T_BloodSplatter_Directional_S_02.ubulk" 729
"C:/Users/dobr0/OneDrive/Documents/PrototypesAndSkillBox/Projects/Rhythm_Prototype/Content/BloodPack/_Commons/Textures/Splatters/SplatterDirectionalThick02/T_BloodSplatter_Directional_S_02.uasset" 730
"C:/Users/dobr0/OneDrive/Documents/PrototypesAndSkillBox/Projects/Rhythm_Prototype/Content/BloodPack/_Commons/Textures/Splatters/SplatterDirectionalThick02/T_BloodSplatter_Directional_S_02.uexp" 731
"C:/Users/dobr0/OneDrive/Documents/PrototypesAndSkillBox/Projects/Rhythm_Prototype/Content/BloodPack/_Commons/Textures/Splatters/Splatter02/T_BloodSplatter_02.ubulk" 732
"C:/Users/dobr0/OneDrive/Documents/PrototypesAndSkillBox/Projects/Rhythm_Prototype/Content/BloodPack/_Commons/Textures/Splatters/Splatter02/T_BloodSplatter_02.uasset" 733
"C:/Users/dobr0/OneDrive/Documents/PrototypesAndSkillBox/Projects/Rhythm_Prototype/Content/BloodPack/_Commons/Textures/Splatters/Splatter02/T_BloodSplatter_02.uexp" 734
"../../../Engine/Content/Functions/Engine_MaterialFunctions02/Texturing/CustomRotator.uasset" 735
"../../../Engine/Content/Functions/Engine_MaterialFunctions02/Texturing/CustomRotator.uexp" 736
"C:/Users/dobr0/OneDrive/Documents/PrototypesAndSkillBox/Projects/Rhythm_Prototype/Content/BloodPack/_Commons/Textures/Reflections/T_LiquidReflection_02.ubulk" 737
"C:/Users/dobr0/OneDrive/Documents/PrototypesAndSkillBox/Projects/Rhythm_Prototype/Content/BloodPack/_Commons/Textures/Reflections/T_LiquidReflection_02.uasset" 738
"C:/Users/dobr0/OneDrive/Documents/PrototypesAndSkillBox/Projects/Rhythm_Prototype/Content/BloodPack/_Commons/Textures/Reflections/T_LiquidReflection_02.uexp" 739
"C:/Users/dobr0/OneDrive/Documents/PrototypesAndSkillBox/Projects/Rhythm_Prototype/Content/BloodPack/_Commons/Textures/Splatters/Splatter02/T_BloodSplatter_N_02.ubulk" 740
"C:/Users/dobr0/OneDrive/Documents/PrototypesAndSkillBox/Projects/Rhythm_Prototype/Content/BloodPack/_Commons/Textures/Splatters/Splatter02/T_BloodSplatter_N_02.uasset" 741
"C:/Users/dobr0/OneDrive/Documents/PrototypesAndSkillBox/Projects/Rhythm_Prototype/Content/BloodPack/_Commons/Textures/Splatters/Splatter02/T_BloodSplatter_N_02.uexp" 742
"../../../Engine/Content/EngineMaterials/Good64x64TilingNoiseHighFreq.uasset" 743
"../../../Engine/Content/EngineMaterials/Good64x64TilingNoiseHighFreq.uexp" 744
"../../../Engine/Content/Functions/Engine_MaterialFunctions02/Texturing/ScreenAlignedPixelToPixelUVs.uasset" 745
"../../../Engine/Content/Functions/Engine_MaterialFunctions02/Texturing/ScreenAlignedPixelToPixelUVs.uexp" 746
"../../../Engine/Content/Functions/Engine_MaterialFunctions02/Utility/DitherTemporalAA.uasset" 747
"../../../Engine/Content/Functions/Engine_MaterialFunctions02/Utility/DitherTemporalAA.uexp" 748
"C:/Users/dobr0/OneDrive/Documents/PrototypesAndSkillBox/Projects/Rhythm_Prototype/Content/BloodPack/_Commons/Textures/Noises/T_Noise_02.ubulk" 749
"C:/Users/dobr0/OneDrive/Documents/PrototypesAndSkillBox/Projects/Rhythm_Prototype/Content/BloodPack/_Commons/Textures/Noises/T_Noise_02.uasset" 750
"C:/Users/dobr0/OneDrive/Documents/PrototypesAndSkillBox/Projects/Rhythm_Prototype/Content/BloodPack/_Commons/Textures/Noises/T_Noise_02.uexp" 751
"C:/Users/dobr0/OneDrive/Documents/PrototypesAndSkillBox/Projects/Rhythm_Prototype/Content/BloodPack/_Commons/Materials/M_LiquidBase.uasset" 752
"C:/Users/dobr0/OneDrive/Documents/PrototypesAndSkillBox/Projects/Rhythm_Prototype/Content/BloodPack/_Commons/Materials/M_LiquidBase.uexp" 753
"C:/Users/dobr0/OneDrive/Documents/PrototypesAndSkillBox/Projects/Rhythm_Prototype/Content/BloodPack/_Commons/Textures/Splatters/SplatterDirectionalThick02/T_BloodSplatter_Directional_S_N_02.ubulk" 754
"C:/Users/dobr0/OneDrive/Documents/PrototypesAndSkillBox/Projects/Rhythm_Prototype/Content/BloodPack/_Commons/Textures/Splatters/SplatterDirectionalThick02/T_BloodSplatter_Directional_S_N_02.uasset" 755
"C:/Users/dobr0/OneDrive/Documents/PrototypesAndSkillBox/Projects/Rhythm_Prototype/Content/BloodPack/_Commons/Textures/Splatters/SplatterDirectionalThick02/T_BloodSplatter_Directional_S_N_02.uexp" 756
"C:/Users/dobr0/OneDrive/Documents/PrototypesAndSkillBox/Projects/Rhythm_Prototype/Content/BloodPack/_Commons/Materials/MI_BloodDirection_04.uasset" 757
"C:/Users/dobr0/OneDrive/Documents/PrototypesAndSkillBox/Projects/Rhythm_Prototype/Content/BloodPack/_Commons/Materials/MI_BloodDirection_04.uexp" 758
"C:/Users/dobr0/OneDrive/Documents/PrototypesAndSkillBox/Projects/Rhythm_Prototype/Content/BloodPack/_Commons/Textures/Splatters/Splatter06/T_BloodSplatter_06.ubulk" 759
"C:/Users/dobr0/OneDrive/Documents/PrototypesAndSkillBox/Projects/Rhythm_Prototype/Content/BloodPack/_Commons/Textures/Splatters/Splatter06/T_BloodSplatter_06.uasset" 760
"C:/Users/dobr0/OneDrive/Documents/PrototypesAndSkillBox/Projects/Rhythm_Prototype/Content/BloodPack/_Commons/Textures/Splatters/Splatter06/T_BloodSplatter_06.uexp" 761
"C:/Users/dobr0/OneDrive/Documents/PrototypesAndSkillBox/Projects/Rhythm_Prototype/Content/BloodPack/_Commons/Textures/Splatters/Splatter06/T_BloodSplatter_N_06.ubulk" 762
"C:/Users/dobr0/OneDrive/Documents/PrototypesAndSkillBox/Projects/Rhythm_Prototype/Content/BloodPack/_Commons/Textures/Splatters/Splatter06/T_BloodSplatter_N_06.uasset" 763
"C:/Users/dobr0/OneDrive/Documents/PrototypesAndSkillBox/Projects/Rhythm_Prototype/Content/BloodPack/_Commons/Textures/Splatters/Splatter06/T_BloodSplatter_N_06.uexp" 764
"C:/Users/dobr0/OneDrive/Documents/PrototypesAndSkillBox/Projects/Rhythm_Prototype/Content/BloodPack/_Commons/Materials/MI_BloodSplash_07.uasset" 765
"C:/Users/dobr0/OneDrive/Documents/PrototypesAndSkillBox/Projects/Rhythm_Prototype/Content/BloodPack/_Commons/Materials/MI_BloodSplash_07.uexp" 766
"C:/Users/dobr0/OneDrive/Documents/PrototypesAndSkillBox/Projects/Rhythm_Prototype/Content/BloodPack/Artery/Niagara/NS_Artery_High.uasset" 767
"C:/Users/dobr0/OneDrive/Documents/PrototypesAndSkillBox/Projects/Rhythm_Prototype/Content/BloodPack/Artery/Niagara/NS_Artery_High.uexp" 768
"C:/Users/dobr0/OneDrive/Documents/PrototypesAndSkillBox/Projects/Rhythm_Prototype/Content/AAAModularSoldier/Textures/Patches/T_Patches_ID.ubulk" 769
"C:/Users/dobr0/OneDrive/Documents/PrototypesAndSkillBox/Projects/Rhythm_Prototype/Content/AAAModularSoldier/Textures/Patches/T_Patches_ID.uasset" 770
"C:/Users/dobr0/OneDrive/Documents/PrototypesAndSkillBox/Projects/Rhythm_Prototype/Content/AAAModularSoldier/Textures/Patches/T_Patches_ID.uexp" 771
"C:/Users/dobr0/OneDrive/Documents/PrototypesAndSkillBox/Projects/Rhythm_Prototype/Content/AAAModularSoldier/Textures/Patches/T_Patches_ORM.ubulk" 772
"C:/Users/dobr0/OneDrive/Documents/PrototypesAndSkillBox/Projects/Rhythm_Prototype/Content/AAAModularSoldier/Textures/Patches/T_Patches_ORM.uasset" 773
"C:/Users/dobr0/OneDrive/Documents/PrototypesAndSkillBox/Projects/Rhythm_Prototype/Content/AAAModularSoldier/Textures/Patches/T_Patches_ORM.uexp" 774
"C:/Users/dobr0/OneDrive/Documents/PrototypesAndSkillBox/Projects/Rhythm_Prototype/Content/AAAModularSoldier/Textures/Patches/T_Patches_KORD_D.ubulk" 775
"C:/Users/dobr0/OneDrive/Documents/PrototypesAndSkillBox/Projects/Rhythm_Prototype/Content/AAAModularSoldier/Textures/Patches/T_Patches_KORD_D.uasset" 776
"C:/Users/dobr0/OneDrive/Documents/PrototypesAndSkillBox/Projects/Rhythm_Prototype/Content/AAAModularSoldier/Textures/Patches/T_Patches_KORD_D.uexp" 777
"C:/Users/dobr0/OneDrive/Documents/PrototypesAndSkillBox/Projects/Rhythm_Prototype/Content/AAAModularSoldier/Materials/M_MasterPatches.uasset" 778
"C:/Users/dobr0/OneDrive/Documents/PrototypesAndSkillBox/Projects/Rhythm_Prototype/Content/AAAModularSoldier/Materials/M_MasterPatches.uexp" 779
"C:/Users/dobr0/OneDrive/Documents/PrototypesAndSkillBox/Projects/Rhythm_Prototype/Content/AAAModularSoldier/Textures/Patches/T_Patches_KORD_N.ubulk" 780
"C:/Users/dobr0/OneDrive/Documents/PrototypesAndSkillBox/Projects/Rhythm_Prototype/Content/AAAModularSoldier/Textures/Patches/T_Patches_KORD_N.uasset" 781
"C:/Users/dobr0/OneDrive/Documents/PrototypesAndSkillBox/Projects/Rhythm_Prototype/Content/AAAModularSoldier/Textures/Patches/T_Patches_KORD_N.uexp" 782
"C:/Users/dobr0/OneDrive/Documents/PrototypesAndSkillBox/Projects/Rhythm_Prototype/Content/AAAModularSoldier/Modules/ModularSoldierVol_1/_Materials/MI_PatchesKORD_ColorC.uasset" 783
"C:/Users/dobr0/OneDrive/Documents/PrototypesAndSkillBox/Projects/Rhythm_Prototype/Content/AAAModularSoldier/Modules/ModularSoldierVol_1/_Materials/MI_PatchesKORD_ColorC.uexp" 784
"C:/Users/dobr0/OneDrive/Documents/PrototypesAndSkillBox/Projects/Rhythm_Prototype/Content/AAAModularSoldier/Modules/ModularSoldierVol_1/Cutting/Head.ubulk" 785
"C:/Users/dobr0/OneDrive/Documents/PrototypesAndSkillBox/Projects/Rhythm_Prototype/Content/AAAModularSoldier/Modules/ModularSoldierVol_1/Cutting/Head.uasset" 786
"C:/Users/dobr0/OneDrive/Documents/PrototypesAndSkillBox/Projects/Rhythm_Prototype/Content/AAAModularSoldier/Modules/ModularSoldierVol_1/Cutting/Head.uexp" 787
"C:/Users/dobr0/OneDrive/Documents/PrototypesAndSkillBox/Projects/Rhythm_Prototype/Content/AAAModularSoldier/Modules/ModularSoldierVol_1/Cutting/body_Skeleton.uasset" 788
"C:/Users/dobr0/OneDrive/Documents/PrototypesAndSkillBox/Projects/Rhythm_Prototype/Content/AAAModularSoldier/Modules/ModularSoldierVol_1/Cutting/body_Skeleton.uexp" 789
"C:/Users/dobr0/OneDrive/Documents/PrototypesAndSkillBox/Projects/Rhythm_Prototype/Content/AAAModularSoldier/Modules/ModularSoldierVol_1/Cutting/body_PhysicsAsset.uasset" 790
"C:/Users/dobr0/OneDrive/Documents/PrototypesAndSkillBox/Projects/Rhythm_Prototype/Content/AAAModularSoldier/Modules/ModularSoldierVol_1/Cutting/body_PhysicsAsset.uexp" 791
"C:/Users/dobr0/OneDrive/Documents/PrototypesAndSkillBox/Projects/Rhythm_Prototype/Content/AAAModularSoldier/Modules/ModularSoldierVol_1/Cutting/body.uasset" 792
"C:/Users/dobr0/OneDrive/Documents/PrototypesAndSkillBox/Projects/Rhythm_Prototype/Content/AAAModularSoldier/Modules/ModularSoldierVol_1/Cutting/body.uexp" 793
"C:/Users/dobr0/OneDrive/Documents/PrototypesAndSkillBox/Projects/Rhythm_Prototype/Content/RhythmGame/Blueprints/BP_Enemy.uasset" 794
"C:/Users/dobr0/OneDrive/Documents/PrototypesAndSkillBox/Projects/Rhythm_Prototype/Content/RhythmGame/Blueprints/BP_Enemy.uexp" 795
"C:/Users/dobr0/OneDrive/Documents/PrototypesAndSkillBox/Projects/Rhythm_Prototype/Content/RhythmGame/Music/untitled-003.ubulk" 796
"C:/Users/dobr0/OneDrive/Documents/PrototypesAndSkillBox/Projects/Rhythm_Prototype/Content/RhythmGame/Music/untitled-003.uasset" 797
"C:/Users/dobr0/OneDrive/Documents/PrototypesAndSkillBox/Projects/Rhythm_Prototype/Content/RhythmGame/Music/untitled-003.uexp" 798
"C:/Users/dobr0/OneDrive/Documents/PrototypesAndSkillBox/Projects/Rhythm_Prototype/Content/RhythmGame/Music/MS_Phonk_1.uasset" 799
"C:/Users/dobr0/OneDrive/Documents/PrototypesAndSkillBox/Projects/Rhythm_Prototype/Content/RhythmGame/Music/MS_Phonk_1.uexp" 800
"C:/Users/dobr0/OneDrive/Documents/PrototypesAndSkillBox/Projects/Rhythm_Prototype/Content/RhythmGame/UI/79f770358c89537a59a8fa0b053f3b0b.uasset" 801
"C:/Users/dobr0/OneDrive/Documents/PrototypesAndSkillBox/Projects/Rhythm_Prototype/Content/RhythmGame/UI/79f770358c89537a59a8fa0b053f3b0b.uexp" 802
"C:/Users/dobr0/OneDrive/Documents/PrototypesAndSkillBox/Projects/Rhythm_Prototype/Content/RhythmGame/UI/WBP_WinScreem.uasset" 803
"C:/Users/dobr0/OneDrive/Documents/PrototypesAndSkillBox/Projects/Rhythm_Prototype/Content/RhythmGame/UI/WBP_WinScreem.uexp" 804
"../../../Engine/Plugins/Developer/AnimationSharing/Content/AnimSharingBase.uasset" 805
"../../../Engine/Plugins/Developer/AnimationSharing/Content/AnimSharingBase.uexp" 806
"../../../Engine/Plugins/Developer/AnimationSharing/Content/AnimSharingGreen.uasset" 807
"../../../Engine/Plugins/Developer/AnimationSharing/Content/AnimSharingGreen.uexp" 808
"../../../Engine/Content/BasicShapes/BasicShapeMaterial.uasset" 809
"../../../Engine/Content/BasicShapes/BasicShapeMaterial.uexp" 810
"C:/Users/dobr0/OneDrive/Documents/PrototypesAndSkillBox/Projects/Rhythm_Prototype/Content/RhythmGame/Blueprints/BP_Note.uasset" 811
"C:/Users/dobr0/OneDrive/Documents/PrototypesAndSkillBox/Projects/Rhythm_Prototype/Content/RhythmGame/Blueprints/BP_Note.uexp" 812
"C:/Users/dobr0/OneDrive/Documents/PrototypesAndSkillBox/Projects/Rhythm_Prototype/Content/RhythmGame/Blueprints/BP_Spline.uasset" 813
"C:/Users/dobr0/OneDrive/Documents/PrototypesAndSkillBox/Projects/Rhythm_Prototype/Content/RhythmGame/Blueprints/BP_Spline.uexp" 814
"../../../Engine/Content/EditorMaterials/Camera/CineMat.uasset" 815
"../../../Engine/Content/EditorMaterials/Camera/CineMat.uexp" 816
"../../../Engine/Content/EditorMaterials/Camera/MI_CineMat_Rig.uasset" 817
"../../../Engine/Content/EditorMaterials/Camera/MI_CineMat_Rig.uexp" 818
"../../../Engine/Content/EditorMeshes/Camera/SM_CraneRig_Arm.ubulk" 819
"../../../Engine/Content/EditorMeshes/Camera/SM_CraneRig_Arm.uasset" 820
"../../../Engine/Content/EditorMeshes/Camera/SM_CraneRig_Arm.uexp" 821
"../../../Engine/Content/EditorMeshes/Camera/SM_CraneRig_Base.ubulk" 822
"../../../Engine/Content/EditorMeshes/Camera/SM_CraneRig_Base.uasset" 823
"../../../Engine/Content/EditorMeshes/Camera/SM_CraneRig_Base.uexp" 824
"../../../Engine/Content/EditorMeshes/Camera/SM_CraneRig_Body.ubulk" 825
"../../../Engine/Content/EditorMeshes/Camera/SM_CraneRig_Body.uasset" 826
"../../../Engine/Content/EditorMeshes/Camera/SM_CraneRig_Body.uexp" 827
"../../../Engine/Content/EditorMeshes/Camera/SM_CraneRig_Mount.ubulk" 828
"../../../Engine/Content/EditorMeshes/Camera/SM_CraneRig_Mount.uasset" 829
"../../../Engine/Content/EditorMeshes/Camera/SM_CraneRig_Mount.uexp" 830
"../../../Engine/Content/EditorMeshes/Camera/SM_RailRig_Mount.ubulk" 831
"../../../Engine/Content/EditorMeshes/Camera/SM_RailRig_Mount.uasset" 832
"../../../Engine/Content/EditorMeshes/Camera/SM_RailRig_Mount.uexp" 833
"../../../Engine/Content/EditorMeshes/Camera/SM_RailRig_Track.ubulk" 834
"../../../Engine/Content/EditorMeshes/Camera/SM_RailRig_Track.uasset" 835
"../../../Engine/Content/EditorMeshes/Camera/SM_RailRig_Track.uexp" 836
"../../../Engine/Content/EngineSky/VolumetricClouds/T_CloudMask.ubulk" 837
"../../../Engine/Content/EngineSky/VolumetricClouds/T_CloudMask.uasset" 838
"../../../Engine/Content/EngineSky/VolumetricClouds/T_CloudMask.uexp" 839
"../../../Engine/Content/EngineSky/VolumetricClouds/VT_Lightning.uasset" 840
"../../../Engine/Content/EngineSky/VolumetricClouds/VT_Lightning.uexp" 841
"../../../Engine/Content/EngineSky/VolumetricClouds/T_Profile_08.ubulk" 842
"../../../Engine/Content/EngineSky/VolumetricClouds/T_Profile_08.uasset" 843
"../../../Engine/Content/EngineSky/VolumetricClouds/T_Profile_08.uexp" 844
"../../../Engine/Content/Functions/Engine_MaterialFunctions02/Utility/MakeFloat4.uasset" 845
"../../../Engine/Content/Functions/Engine_MaterialFunctions02/Utility/MakeFloat4.uexp" 846
"../../../Engine/Content/Functions/Engine_MaterialFunctions01/Units/Km-to-Cm.uasset" 847
"../../../Engine/Content/Functions/Engine_MaterialFunctions01/Units/Km-to-Cm.uexp" 848
"../../../Engine/Content/Functions/Engine_MaterialFunctions02/Utility/BreakOutFloat4Components.uasset" 849
"../../../Engine/Content/Functions/Engine_MaterialFunctions02/Utility/BreakOutFloat4Components.uexp" 850
"../../../Engine/Content/EngineSky/VolumetricClouds/T_CloudPattern.ubulk" 851
"../../../Engine/Content/EngineSky/VolumetricClouds/T_CloudPattern.uasset" 852
"../../../Engine/Content/EngineSky/VolumetricClouds/T_CloudPattern.uexp" 853
"../../../Engine/Content/EngineSky/VolumetricClouds/VT_PerlinWorley_Balanced.uasset" 854
"../../../Engine/Content/EngineSky/VolumetricClouds/VT_PerlinWorley_Balanced.uexp" 855
"../../../Engine/Content/EngineSky/VolumetricClouds/m_SimpleVolumetricCloud.uasset" 856
"../../../Engine/Content/EngineSky/VolumetricClouds/m_SimpleVolumetricCloud.uexp" 857
"../../../Engine/Content/EngineSky/VolumetricClouds/m_SimpleVolumetricCloud_Inst.uasset" 858
"../../../Engine/Content/EngineSky/VolumetricClouds/m_SimpleVolumetricCloud_Inst.uexp" 859
"../../../Engine/Content/VREditor/LaserPointer/VR_LaserPower_01.ubulk" 860
"../../../Engine/Content/VREditor/LaserPointer/VR_LaserPower_01.uasset" 861
"../../../Engine/Content/VREditor/LaserPointer/VR_LaserPower_01.uexp" 862
"../../../Engine/Content/VREditor/TransformGizmo/TransformGizmoMaterial.uasset" 863
"../../../Engine/Content/VREditor/TransformGizmo/TransformGizmoMaterial.uexp" 864
"../../../Engine/Content/VREditor/TransformGizmo/TranslucentTransformGizmoMaterial.uasset" 865
"../../../Engine/Content/VREditor/TransformGizmo/TranslucentTransformGizmoMaterial.uexp" 866
"../../../Engine/Content/VREditor/TransformGizmo/BoundingBoxCorner.ubulk" 867
"../../../Engine/Content/VREditor/TransformGizmo/BoundingBoxCorner.uasset" 868
"../../../Engine/Content/VREditor/TransformGizmo/BoundingBoxCorner.uexp" 869
"../../../Engine/Content/VREditor/TransformGizmo/BoundingBoxEdge.ubulk" 870
"../../../Engine/Content/VREditor/TransformGizmo/BoundingBoxEdge.uasset" 871
"../../../Engine/Content/VREditor/TransformGizmo/BoundingBoxEdge.uexp" 872
"../../../Engine/Content/VREditor/TransformGizmo/Main.uasset" 873
"../../../Engine/Content/VREditor/TransformGizmo/Main.uexp" 874
"../../../Engine/Content/VREditor/TransformGizmo/Xray.uasset" 875
"../../../Engine/Content/VREditor/TransformGizmo/Xray.uexp" 876
"../../../Engine/Content/VREditor/TransformGizmo/SM_Sequencer_Node.ubulk" 877
"../../../Engine/Content/VREditor/TransformGizmo/SM_Sequencer_Node.uasset" 878
"../../../Engine/Content/VREditor/TransformGizmo/SM_Sequencer_Node.uexp" 879
"../../../Engine/Content/Functions/Engine_MaterialFunctions02/Math/Transform3x3Matrix.uasset" 880
"../../../Engine/Content/Functions/Engine_MaterialFunctions02/Math/Transform3x3Matrix.uexp" 881
"../../../Engine/Plugins/Interchange/Assets/Content/gltf/Textures/T_White_srgb.uasset" 882
"../../../Engine/Plugins/Interchange/Assets/Content/gltf/Textures/T_White_srgb.uexp" 883
"../../../Engine/Plugins/Interchange/Assets/Content/gltf/MaterialFunctions/MF_Specular.uasset" 884
"../../../Engine/Plugins/Interchange/Assets/Content/gltf/MaterialFunctions/MF_Specular.uexp" 885
"../../../Engine/Plugins/Interchange/Assets/Content/gltf/Textures/T_Anisotropy_Direction_Linear.uasset" 886
"../../../Engine/Plugins/Interchange/Assets/Content/gltf/Textures/T_Anisotropy_Direction_Linear.uexp" 887
"../../../Engine/Plugins/Interchange/Assets/Content/gltf/MaterialFunctions/MF_SpecularAnisotropy.uasset" 888
"../../../Engine/Plugins/Interchange/Assets/Content/gltf/MaterialFunctions/MF_SpecularAnisotropy.uexp" 889
"../../../Engine/Plugins/Interchange/Assets/Content/gltf/Textures/T_White_Linear.uasset" 890
"../../../Engine/Plugins/Interchange/Assets/Content/gltf/Textures/T_White_Linear.uexp" 891
"../../../Engine/Plugins/Interchange/Assets/Content/gltf/MaterialFunctions/MF_MetallicRoughness.uasset" 892
"../../../Engine/Plugins/Interchange/Assets/Content/gltf/MaterialFunctions/MF_MetallicRoughness.uexp" 893
"../../../Engine/Plugins/Interchange/Assets/Content/gltf/Textures/T_Generic_N.uasset" 894
"../../../Engine/Plugins/Interchange/Assets/Content/gltf/Textures/T_Generic_N.uexp" 895
"../../../Engine/Plugins/Interchange/Assets/Content/gltf/MaterialFunctions/MF_ScaleNormal.uasset" 896
"../../../Engine/Plugins/Interchange/Assets/Content/gltf/MaterialFunctions/MF_ScaleNormal.uexp" 897
"../../../Engine/Plugins/Interchange/Assets/Content/gltf/MaterialFunctions/MF_BaseColor.uasset" 898
"../../../Engine/Plugins/Interchange/Assets/Content/gltf/MaterialFunctions/MF_BaseColor.uexp" 899
"../../../Engine/Plugins/Interchange/Assets/Content/gltf/MaterialFunctions/MF_Iridescence.uasset" 900
"../../../Engine/Plugins/Interchange/Assets/Content/gltf/MaterialFunctions/MF_Iridescence.uexp" 901
"../../../Engine/Plugins/Interchange/Assets/Content/gltf/MaterialFunctions/MF_Occlusion.uasset" 902
"../../../Engine/Plugins/Interchange/Assets/Content/gltf/MaterialFunctions/MF_Occlusion.uexp" 903
"../../../Engine/Plugins/Interchange/Assets/Content/gltf/MaterialFunctions/MF_IOR.uasset" 904
"../../../Engine/Plugins/Interchange/Assets/Content/gltf/MaterialFunctions/MF_IOR.uexp" 905
"../../../Engine/Plugins/Interchange/Assets/Content/gltf/MaterialFunctions/MF_RotateV2.uasset" 906
"../../../Engine/Plugins/Interchange/Assets/Content/gltf/MaterialFunctions/MF_RotateV2.uexp" 907
"../../../Engine/Plugins/Interchange/Assets/Content/gltf/MaterialFunctions/MF_TransformUVs.uasset" 908
"../../../Engine/Plugins/Interchange/Assets/Content/gltf/MaterialFunctions/MF_TransformUVs.uexp" 909
"../../../Engine/Plugins/Interchange/Assets/Content/gltf/MaterialFunctions/MF_Emissive.uasset" 910
"../../../Engine/Plugins/Interchange/Assets/Content/gltf/MaterialFunctions/MF_Emissive.uexp" 911
"../../../Engine/Plugins/Interchange/Assets/Content/gltf/MaterialFunctions/MF_RotateNormals_TS.uasset" 912
"../../../Engine/Plugins/Interchange/Assets/Content/gltf/MaterialFunctions/MF_RotateNormals_TS.uexp" 913
"../../../Engine/Plugins/Interchange/Assets/Content/gltf/MaterialFunctions/MF_Normals.uasset" 914
"../../../Engine/Plugins/Interchange/Assets/Content/gltf/MaterialFunctions/MF_Normals.uexp" 915
"../../../Engine/Content/Functions/Engine_MaterialFunctions01/Texturing/FlattenNormal.uasset" 916
"../../../Engine/Content/Functions/Engine_MaterialFunctions01/Texturing/FlattenNormal.uexp" 917
"../../../Engine/Plugins/Interchange/Assets/Content/gltf/MaterialFunctions/MF_Clearcoat.uasset" 918
"../../../Engine/Plugins/Interchange/Assets/Content/gltf/MaterialFunctions/MF_Clearcoat.uexp" 919
"../../../Engine/Plugins/Interchange/Assets/Content/gltf/MaterialBodies/MF_ClearCoat_Body.uasset" 920
"../../../Engine/Plugins/Interchange/Assets/Content/gltf/MaterialBodies/MF_ClearCoat_Body.uexp" 921
"../../../Engine/Plugins/Interchange/Assets/Content/gltf/M_ClearCoat.uasset" 922
"../../../Engine/Plugins/Interchange/Assets/Content/gltf/M_ClearCoat.uexp" 923
"../../../Engine/Plugins/Interchange/Assets/Content/gltf/MaterialInstances/MI_ClearCoat_Blend.uasset" 924
"../../../Engine/Plugins/Interchange/Assets/Content/gltf/MaterialInstances/MI_ClearCoat_Blend.uexp" 925
"../../../Engine/Plugins/Interchange/Assets/Content/gltf/MaterialInstances/MI_ClearCoat_Blend_DS.uasset" 926
"../../../Engine/Plugins/Interchange/Assets/Content/gltf/MaterialInstances/MI_ClearCoat_Blend_DS.uexp" 927
"../../../Engine/Plugins/Interchange/Assets/Content/gltf/MaterialInstances/MI_ClearCoat_Mask.uasset" 928
"../../../Engine/Plugins/Interchange/Assets/Content/gltf/MaterialInstances/MI_ClearCoat_Mask.uexp" 929
"../../../Engine/Plugins/Interchange/Assets/Content/gltf/MaterialInstances/MI_ClearCoat_Mask_DS.uasset" 930
"../../../Engine/Plugins/Interchange/Assets/Content/gltf/MaterialInstances/MI_ClearCoat_Mask_DS.uexp" 931
"../../../Engine/Plugins/Interchange/Assets/Content/gltf/MaterialInstances/MI_ClearCoat_Opaque.uasset" 932
"../../../Engine/Plugins/Interchange/Assets/Content/gltf/MaterialInstances/MI_ClearCoat_Opaque.uexp" 933
"../../../Engine/Plugins/Interchange/Assets/Content/gltf/MaterialInstances/MI_ClearCoat_Opaque_DS.uasset" 934
"../../../Engine/Plugins/Interchange/Assets/Content/gltf/MaterialInstances/MI_ClearCoat_Opaque_DS.uexp" 935
"../../../Engine/Plugins/Interchange/Assets/Content/gltf/MaterialBodies/MF_Default_Body.uasset" 936
"../../../Engine/Plugins/Interchange/Assets/Content/gltf/MaterialBodies/MF_Default_Body.uexp" 937
"../../../Engine/Plugins/Interchange/Assets/Content/gltf/M_Default.uasset" 938
"../../../Engine/Plugins/Interchange/Assets/Content/gltf/M_Default.uexp" 939
"../../../Engine/Plugins/Interchange/Assets/Content/gltf/MaterialInstances/MI_Default_Blend.uasset" 940
"../../../Engine/Plugins/Interchange/Assets/Content/gltf/MaterialInstances/MI_Default_Blend.uexp" 941
"../../../Engine/Plugins/Interchange/Assets/Content/gltf/MaterialInstances/MI_Default_Blend_DS.uasset" 942
"../../../Engine/Plugins/Interchange/Assets/Content/gltf/MaterialInstances/MI_Default_Blend_DS.uexp" 943
"../../../Engine/Plugins/Interchange/Assets/Content/gltf/MaterialInstances/MI_Default_Mask.uasset" 944
"../../../Engine/Plugins/Interchange/Assets/Content/gltf/MaterialInstances/MI_Default_Mask.uexp" 945
"../../../Engine/Plugins/Interchange/Assets/Content/gltf/MaterialInstances/MI_Default_Mask_DS.uasset" 946
"../../../Engine/Plugins/Interchange/Assets/Content/gltf/MaterialInstances/MI_Default_Mask_DS.uexp" 947
"../../../Engine/Plugins/Interchange/Assets/Content/gltf/MaterialInstances/MI_Default_Opaque.uasset" 948
"../../../Engine/Plugins/Interchange/Assets/Content/gltf/MaterialInstances/MI_Default_Opaque.uexp" 949
"../../../Engine/Plugins/Interchange/Assets/Content/gltf/MaterialInstances/MI_Default_Opaque_DS.uasset" 950
"../../../Engine/Plugins/Interchange/Assets/Content/gltf/MaterialInstances/MI_Default_Opaque_DS.uexp" 951
"../../../Engine/Plugins/Interchange/Assets/Content/gltf/MaterialFunctions/MF_Sheen.uasset" 952
"../../../Engine/Plugins/Interchange/Assets/Content/gltf/MaterialFunctions/MF_Sheen.uexp" 953
"../../../Engine/Plugins/Interchange/Assets/Content/gltf/MaterialBodies/MF_Sheen_Body.uasset" 954
"../../../Engine/Plugins/Interchange/Assets/Content/gltf/MaterialBodies/MF_Sheen_Body.uexp" 955
"../../../Engine/Plugins/Interchange/Assets/Content/gltf/M_Sheen.uasset" 956
"../../../Engine/Plugins/Interchange/Assets/Content/gltf/M_Sheen.uexp" 957
"../../../Engine/Plugins/Interchange/Assets/Content/gltf/MaterialInstances/MI_Sheen_Blend.uasset" 958
"../../../Engine/Plugins/Interchange/Assets/Content/gltf/MaterialInstances/MI_Sheen_Blend.uexp" 959
"../../../Engine/Plugins/Interchange/Assets/Content/gltf/MaterialInstances/MI_Sheen_Blend_DS.uasset" 960
"../../../Engine/Plugins/Interchange/Assets/Content/gltf/MaterialInstances/MI_Sheen_Blend_DS.uexp" 961
"../../../Engine/Plugins/Interchange/Assets/Content/gltf/MaterialInstances/MI_Sheen_Mask.uasset" 962
"../../../Engine/Plugins/Interchange/Assets/Content/gltf/MaterialInstances/MI_Sheen_Mask.uexp" 963
"../../../Engine/Plugins/Interchange/Assets/Content/gltf/MaterialInstances/MI_Sheen_Mask_DS.uasset" 964
"../../../Engine/Plugins/Interchange/Assets/Content/gltf/MaterialInstances/MI_Sheen_Mask_DS.uexp" 965
"../../../Engine/Plugins/Interchange/Assets/Content/gltf/MaterialInstances/MI_Sheen_Opaque.uasset" 966
"../../../Engine/Plugins/Interchange/Assets/Content/gltf/MaterialInstances/MI_Sheen_Opaque.uexp" 967
"../../../Engine/Plugins/Interchange/Assets/Content/gltf/MaterialInstances/MI_Sheen_Opaque_DS.uasset" 968
"../../../Engine/Plugins/Interchange/Assets/Content/gltf/MaterialInstances/MI_Sheen_Opaque_DS.uexp" 969
"../../../Engine/Content/Functions/Engine_MaterialFunctions02/Math/AddComponents.uasset" 970
"../../../Engine/Content/Functions/Engine_MaterialFunctions02/Math/AddComponents.uexp" 971
"../../../Engine/Plugins/Interchange/Assets/Content/gltf/MaterialFunctions/MF_DiffuseSpecGloss.uasset" 972
"../../../Engine/Plugins/Interchange/Assets/Content/gltf/MaterialFunctions/MF_DiffuseSpecGloss.uexp" 973
"../../../Engine/Plugins/Interchange/Assets/Content/gltf/MaterialFunctions/MF_PerceivedBrightness.uasset" 974
"../../../Engine/Plugins/Interchange/Assets/Content/gltf/MaterialFunctions/MF_PerceivedBrightness.uexp" 975
"../../../Engine/Plugins/Interchange/Assets/Content/gltf/MaterialFunctions/MF_SpecGlossToMetalRoughness.uasset" 976
"../../../Engine/Plugins/Interchange/Assets/Content/gltf/MaterialFunctions/MF_SpecGlossToMetalRoughness.uexp" 977
"../../../Engine/Plugins/Interchange/Assets/Content/gltf/MaterialFunctions/MF_MaxComponentValue.uasset" 978
"../../../Engine/Plugins/Interchange/Assets/Content/gltf/MaterialFunctions/MF_MaxComponentValue.uexp" 979
"../../../Engine/Plugins/Interchange/Assets/Content/gltf/MaterialBodies/MF_SpecularGlossiness_Body.uasset" 980
"../../../Engine/Plugins/Interchange/Assets/Content/gltf/MaterialBodies/MF_SpecularGlossiness_Body.uexp" 981
"../../../Engine/Plugins/Interchange/Assets/Content/gltf/M_SpecularGlossiness.uasset" 982
"../../../Engine/Plugins/Interchange/Assets/Content/gltf/M_SpecularGlossiness.uexp" 983
"../../../Engine/Plugins/Interchange/Assets/Content/gltf/MaterialInstances/MI_SpecularGlossiness_Blend.uasset" 984
"../../../Engine/Plugins/Interchange/Assets/Content/gltf/MaterialInstances/MI_SpecularGlossiness_Blend.uexp" 985
"../../../Engine/Plugins/Interchange/Assets/Content/gltf/MaterialInstances/MI_SpecularGlossiness_Blend_DS.uasset" 986
"../../../Engine/Plugins/Interchange/Assets/Content/gltf/MaterialInstances/MI_SpecularGlossiness_Blend_DS.uexp" 987
"../../../Engine/Plugins/Interchange/Assets/Content/gltf/MaterialInstances/MI_SpecularGlossiness_Mask.uasset" 988
"../../../Engine/Plugins/Interchange/Assets/Content/gltf/MaterialInstances/MI_SpecularGlossiness_Mask.uexp" 989
"../../../Engine/Plugins/Interchange/Assets/Content/gltf/MaterialInstances/MI_SpecularGlossiness_Mask_DS.uasset" 990
"../../../Engine/Plugins/Interchange/Assets/Content/gltf/MaterialInstances/MI_SpecularGlossiness_Mask_DS.uexp" 991
"../../../Engine/Plugins/Interchange/Assets/Content/gltf/MaterialInstances/MI_SpecularGlossiness_Opaque.uasset" 992
"../../../Engine/Plugins/Interchange/Assets/Content/gltf/MaterialInstances/MI_SpecularGlossiness_Opaque.uexp" 993
"../../../Engine/Plugins/Interchange/Assets/Content/gltf/MaterialInstances/MI_SpecularGlossiness_Opaque_DS.uasset" 994
"../../../Engine/Plugins/Interchange/Assets/Content/gltf/MaterialInstances/MI_SpecularGlossiness_Opaque_DS.uexp" 995
"../../../Engine/Plugins/Interchange/Assets/Content/gltf/MaterialFunctions/MF_Temporal_Blur.uasset" 996
"../../../Engine/Plugins/Interchange/Assets/Content/gltf/MaterialFunctions/MF_Temporal_Blur.uexp" 997
"../../../Engine/Plugins/Interchange/Assets/Content/gltf/MaterialFunctions/MF_Fresnel_DS.uasset" 998
"../../../Engine/Plugins/Interchange/Assets/Content/gltf/MaterialFunctions/MF_Fresnel_DS.uexp" 999
"../../../Engine/Plugins/Interchange/Assets/Content/gltf/MaterialFunctions/MF_Transmission.uasset" 1000
"../../../Engine/Plugins/Interchange/Assets/Content/gltf/MaterialFunctions/MF_Transmission.uexp" 1001
"../../../Engine/Plugins/Interchange/Assets/Content/gltf/MaterialBodies/MF_Transmission_Body.uasset" 1002
"../../../Engine/Plugins/Interchange/Assets/Content/gltf/MaterialBodies/MF_Transmission_Body.uexp" 1003
"../../../Engine/Plugins/Interchange/Assets/Content/gltf/M_Transmission.uasset" 1004
"../../../Engine/Plugins/Interchange/Assets/Content/gltf/M_Transmission.uexp" 1005
"../../../Engine/Plugins/Interchange/Assets/Content/gltf/MaterialInstances/MI_Transmission.uasset" 1006
"../../../Engine/Plugins/Interchange/Assets/Content/gltf/MaterialInstances/MI_Transmission.uexp" 1007
"../../../Engine/Plugins/Interchange/Assets/Content/gltf/MaterialInstances/MI_Transmission_DS.uasset" 1008
"../../../Engine/Plugins/Interchange/Assets/Content/gltf/MaterialInstances/MI_Transmission_DS.uexp" 1009
"../../../Engine/Plugins/Interchange/Assets/Content/gltf/MaterialBodies/MF_Unlit_Body.uasset" 1010
"../../../Engine/Plugins/Interchange/Assets/Content/gltf/MaterialBodies/MF_Unlit_Body.uexp" 1011
"../../../Engine/Plugins/Interchange/Assets/Content/gltf/M_Unlit.uasset" 1012
"../../../Engine/Plugins/Interchange/Assets/Content/gltf/M_Unlit.uexp" 1013
"../../../Engine/Plugins/Interchange/Assets/Content/gltf/MaterialInstances/MI_Unlit_Blend.uasset" 1014
"../../../Engine/Plugins/Interchange/Assets/Content/gltf/MaterialInstances/MI_Unlit_Blend.uexp" 1015
"../../../Engine/Plugins/Interchange/Assets/Content/gltf/MaterialInstances/MI_Unlit_Blend_DS.uasset" 1016
"../../../Engine/Plugins/Interchange/Assets/Content/gltf/MaterialInstances/MI_Unlit_Blend_DS.uexp" 1017
"../../../Engine/Plugins/Interchange/Assets/Content/gltf/MaterialInstances/MI_Unlit_Mask.uasset" 1018
"../../../Engine/Plugins/Interchange/Assets/Content/gltf/MaterialInstances/MI_Unlit_Mask.uexp" 1019
"../../../Engine/Plugins/Interchange/Assets/Content/gltf/MaterialInstances/MI_Unlit_Mask_DS.uasset" 1020
"../../../Engine/Plugins/Interchange/Assets/Content/gltf/MaterialInstances/MI_Unlit_Mask_DS.uexp" 1021
"../../../Engine/Plugins/Interchange/Assets/Content/gltf/MaterialInstances/MI_Unlit_Opaque.uasset" 1022
"../../../Engine/Plugins/Interchange/Assets/Content/gltf/MaterialInstances/MI_Unlit_Opaque.uexp" 1023
"../../../Engine/Plugins/Interchange/Assets/Content/gltf/MaterialInstances/MI_Unlit_Opaque_DS.uasset" 1024
"../../../Engine/Plugins/Interchange/Assets/Content/gltf/MaterialInstances/MI_Unlit_Opaque_DS.uexp" 1025
"../../../Engine/Content/BasicShapes/Cone.ubulk" 1026
"../../../Engine/Content/BasicShapes/Cone.uasset" 1027
"../../../Engine/Content/BasicShapes/Cone.uexp" 1028
"../../../Engine/Content/BasicShapes/Cylinder.ubulk" 1029
"../../../Engine/Content/BasicShapes/Cylinder.uasset" 1030
"../../../Engine/Content/BasicShapes/Cylinder.uexp" 1031
"../../../Engine/Content/BasicShapes/Plane.ubulk" 1032
"../../../Engine/Content/BasicShapes/Plane.uasset" 1033
"../../../Engine/Content/BasicShapes/Plane.uexp" 1034
"../../../Engine/Content/EditorLandscapeResources/SplineEditorMeshMat.uasset" 1035
"../../../Engine/Content/EditorLandscapeResources/SplineEditorMeshMat.uexp" 1036
"../../../Engine/Content/EditorLandscapeResources/SplineEditorMesh.ubulk" 1037
"../../../Engine/Content/EditorLandscapeResources/SplineEditorMesh.uasset" 1038
"../../../Engine/Content/EditorLandscapeResources/SplineEditorMesh.uexp" 1039
"../../../Engine/Content/EngineResources/WhiteSquareTexture.uasset" 1040
"../../../Engine/Content/EngineResources/WhiteSquareTexture.uexp" 1041
"../../../Engine/Content/EngineMaterials/Widget3DPassThrough.uasset" 1042
"../../../Engine/Content/EngineMaterials/Widget3DPassThrough.uexp" 1043
"../../../Engine/Content/EngineMaterials/Widget3DPassThrough_Masked.uasset" 1044
"../../../Engine/Content/EngineMaterials/Widget3DPassThrough_Masked.uexp" 1045
"../../../Engine/Content/EngineMaterials/Widget3DPassThrough_Opaque.uasset" 1046
"../../../Engine/Content/EngineMaterials/Widget3DPassThrough_Opaque.uexp" 1047
"../../../Engine/Content/EngineMaterials/Widget3DPassThrough_Masked_OneSided.uasset" 1048
"../../../Engine/Content/EngineMaterials/Widget3DPassThrough_Masked_OneSided.uexp" 1049
"../../../Engine/Content/EngineMaterials/Widget3DPassThrough_Opaque_OneSided.uasset" 1050
"../../../Engine/Content/EngineMaterials/Widget3DPassThrough_Opaque_OneSided.uexp" 1051
"../../../Engine/Content/EngineMaterials/Widget3DPassThrough_Translucent.uasset" 1052
"../../../Engine/Content/EngineMaterials/Widget3DPassThrough_Translucent.uexp" 1053
"../../../Engine/Content/EngineMaterials/Widget3DPassThrough_Translucent_OneSided.uasset" 1054
"../../../Engine/Content/EngineMaterials/Widget3DPassThrough_Translucent_OneSided.uexp" 1055
"../../../Engine/Plugins/2D/Paper2D/Content/DefaultSpriteMaterial.uasset" 1056
"../../../Engine/Plugins/2D/Paper2D/Content/DefaultSpriteMaterial.uexp" 1057
"../../../Engine/Plugins/2D/Paper2D/Content/MaskedUnlitSpriteMaterial.uasset" 1058
"../../../Engine/Plugins/2D/Paper2D/Content/MaskedUnlitSpriteMaterial.uexp" 1059
"../../../Engine/Plugins/2D/Paper2D/Content/OpaqueUnlitSpriteMaterial.uasset" 1060
"../../../Engine/Plugins/2D/Paper2D/Content/OpaqueUnlitSpriteMaterial.uexp" 1061
"../../../Engine/Plugins/Animation/ControlRig/Content/Controls/ControlRig_Arrow2_1mm.ubulk" 1062
"../../../Engine/Plugins/Animation/ControlRig/Content/Controls/ControlRig_Arrow2_1mm.uasset" 1063
"../../../Engine/Plugins/Animation/ControlRig/Content/Controls/ControlRig_Arrow2_1mm.uexp" 1064
"../../../Engine/Plugins/Animation/ControlRig/Content/Controls/ControlRig_Arrow2_3mm.ubulk" 1065
"../../../Engine/Plugins/Animation/ControlRig/Content/Controls/ControlRig_Arrow2_3mm.uasset" 1066
"../../../Engine/Plugins/Animation/ControlRig/Content/Controls/ControlRig_Arrow2_3mm.uexp" 1067
"../../../Engine/Plugins/Animation/ControlRig/Content/Controls/ControlRig_Arrow2_solid.ubulk" 1068
"../../../Engine/Plugins/Animation/ControlRig/Content/Controls/ControlRig_Arrow2_solid.uasset" 1069
"../../../Engine/Plugins/Animation/ControlRig/Content/Controls/ControlRig_Arrow2_solid.uexp" 1070
"../../../Engine/Plugins/Animation/ControlRig/Content/Controls/ControlRig_Arrow4_1mm.ubulk" 1071
"../../../Engine/Plugins/Animation/ControlRig/Content/Controls/ControlRig_Arrow4_1mm.uasset" 1072
"../../../Engine/Plugins/Animation/ControlRig/Content/Controls/ControlRig_Arrow4_1mm.uexp" 1073
"../../../Engine/Plugins/Animation/ControlRig/Content/Controls/ControlRig_Arrow4_3mm.ubulk" 1074
"../../../Engine/Plugins/Animation/ControlRig/Content/Controls/ControlRig_Arrow4_3mm.uasset" 1075
"../../../Engine/Plugins/Animation/ControlRig/Content/Controls/ControlRig_Arrow4_3mm.uexp" 1076
"../../../Engine/Plugins/Animation/ControlRig/Content/Controls/ControlRig_Arrow4_solid.ubulk" 1077
"../../../Engine/Plugins/Animation/ControlRig/Content/Controls/ControlRig_Arrow4_solid.uasset" 1078
"../../../Engine/Plugins/Animation/ControlRig/Content/Controls/ControlRig_Arrow4_solid.uexp" 1079
"../../../Engine/Plugins/Animation/ControlRig/Content/Controls/ControlRig_Arrow_1mm.ubulk" 1080
"../../../Engine/Plugins/Animation/ControlRig/Content/Controls/ControlRig_Arrow_1mm.uasset" 1081
"../../../Engine/Plugins/Animation/ControlRig/Content/Controls/ControlRig_Arrow_1mm.uexp" 1082
"../../../Engine/Plugins/Animation/ControlRig/Content/Controls/ControlRig_Arrow_3mm.ubulk" 1083
"../../../Engine/Plugins/Animation/ControlRig/Content/Controls/ControlRig_Arrow_3mm.uasset" 1084
"../../../Engine/Plugins/Animation/ControlRig/Content/Controls/ControlRig_Arrow_3mm.uexp" 1085
"../../../Engine/Plugins/Animation/ControlRig/Content/Controls/ControlRig_Arrow_solid.ubulk" 1086
"../../../Engine/Plugins/Animation/ControlRig/Content/Controls/ControlRig_Arrow_solid.uasset" 1087
"../../../Engine/Plugins/Animation/ControlRig/Content/Controls/ControlRig_Arrow_solid.uexp" 1088
"../../../Engine/Plugins/Animation/ControlRig/Content/Controls/ControlRig_Box_1mm.ubulk" 1089
"../../../Engine/Plugins/Animation/ControlRig/Content/Controls/ControlRig_Box_1mm.uasset" 1090
"../../../Engine/Plugins/Animation/ControlRig/Content/Controls/ControlRig_Box_1mm.uexp" 1091
"../../../Engine/Plugins/Animation/ControlRig/Content/Controls/ControlRig_Box_3mm.ubulk" 1092
"../../../Engine/Plugins/Animation/ControlRig/Content/Controls/ControlRig_Box_3mm.uasset" 1093
"../../../Engine/Plugins/Animation/ControlRig/Content/Controls/ControlRig_Box_3mm.uexp" 1094
"../../../Engine/Plugins/Animation/ControlRig/Content/Controls/ControlRig_Box_solid.ubulk" 1095
"../../../Engine/Plugins/Animation/ControlRig/Content/Controls/ControlRig_Box_solid.uasset" 1096
"../../../Engine/Plugins/Animation/ControlRig/Content/Controls/ControlRig_Box_solid.uexp" 1097
"../../../Engine/Plugins/Animation/ControlRig/Content/Controls/ControlRig_Circle_1mm.ubulk" 1098
"../../../Engine/Plugins/Animation/ControlRig/Content/Controls/ControlRig_Circle_1mm.uasset" 1099
"../../../Engine/Plugins/Animation/ControlRig/Content/Controls/ControlRig_Circle_1mm.uexp" 1100
"../../../Engine/Plugins/Animation/ControlRig/Content/Controls/ControlRig_Circle_3mm.ubulk" 1101
"../../../Engine/Plugins/Animation/ControlRig/Content/Controls/ControlRig_Circle_3mm.uasset" 1102
"../../../Engine/Plugins/Animation/ControlRig/Content/Controls/ControlRig_Circle_3mm.uexp" 1103
"../../../Engine/Plugins/Animation/ControlRig/Content/Controls/ControlRig_Circle_solid.ubulk" 1104
"../../../Engine/Plugins/Animation/ControlRig/Content/Controls/ControlRig_Circle_solid.uasset" 1105
"../../../Engine/Plugins/Animation/ControlRig/Content/Controls/ControlRig_Circle_solid.uexp" 1106
"../../../Engine/Plugins/Animation/ControlRig/Content/Controls/ControlRig_Diamond_1mm.ubulk" 1107
"../../../Engine/Plugins/Animation/ControlRig/Content/Controls/ControlRig_Diamond_1mm.uasset" 1108
"../../../Engine/Plugins/Animation/ControlRig/Content/Controls/ControlRig_Diamond_1mm.uexp" 1109
"../../../Engine/Plugins/Animation/ControlRig/Content/Controls/ControlRig_Diamond_3mm.ubulk" 1110
"../../../Engine/Plugins/Animation/ControlRig/Content/Controls/ControlRig_Diamond_3mm.uasset" 1111
"../../../Engine/Plugins/Animation/ControlRig/Content/Controls/ControlRig_Diamond_3mm.uexp" 1112
"../../../Engine/Plugins/Animation/ControlRig/Content/Controls/ControlRig_Diamond_solid.ubulk" 1113
"../../../Engine/Plugins/Animation/ControlRig/Content/Controls/ControlRig_Diamond_solid.uasset" 1114
"../../../Engine/Plugins/Animation/ControlRig/Content/Controls/ControlRig_Diamond_solid.uexp" 1115
"../../../Engine/Plugins/Animation/ControlRig/Content/Controls/ControlRig_HalfCircle_1mm.ubulk" 1116
"../../../Engine/Plugins/Animation/ControlRig/Content/Controls/ControlRig_HalfCircle_1mm.uasset" 1117
"../../../Engine/Plugins/Animation/ControlRig/Content/Controls/ControlRig_HalfCircle_1mm.uexp" 1118
"../../../Engine/Plugins/Animation/ControlRig/Content/Controls/ControlRig_HalfCircle_3mm.ubulk" 1119
"../../../Engine/Plugins/Animation/ControlRig/Content/Controls/ControlRig_HalfCircle_3mm.uasset" 1120
"../../../Engine/Plugins/Animation/ControlRig/Content/Controls/ControlRig_HalfCircle_3mm.uexp" 1121
"../../../Engine/Plugins/Animation/ControlRig/Content/Controls/ControlRig_HalfCircle_solid.ubulk" 1122
"../../../Engine/Plugins/Animation/ControlRig/Content/Controls/ControlRig_HalfCircle_solid.uasset" 1123
"../../../Engine/Plugins/Animation/ControlRig/Content/Controls/ControlRig_HalfCircle_solid.uexp" 1124
"../../../Engine/Plugins/Animation/ControlRig/Content/Controls/ControlRig_Hexagon_1mm.ubulk" 1125
"../../../Engine/Plugins/Animation/ControlRig/Content/Controls/ControlRig_Hexagon_1mm.uasset" 1126
"../../../Engine/Plugins/Animation/ControlRig/Content/Controls/ControlRig_Hexagon_1mm.uexp" 1127
"../../../Engine/Plugins/Animation/ControlRig/Content/Controls/ControlRig_Hexagon_3mm.ubulk" 1128
"../../../Engine/Plugins/Animation/ControlRig/Content/Controls/ControlRig_Hexagon_3mm.uasset" 1129
"../../../Engine/Plugins/Animation/ControlRig/Content/Controls/ControlRig_Hexagon_3mm.uexp" 1130
"../../../Engine/Plugins/Animation/ControlRig/Content/Controls/ControlRig_Hexagon_solid.ubulk" 1131
"../../../Engine/Plugins/Animation/ControlRig/Content/Controls/ControlRig_Hexagon_solid.uasset" 1132
"../../../Engine/Plugins/Animation/ControlRig/Content/Controls/ControlRig_Hexagon_solid.uexp" 1133
"../../../Engine/Plugins/Animation/ControlRig/Content/Controls/ControlRig_Octagon_1mm.ubulk" 1134
"../../../Engine/Plugins/Animation/ControlRig/Content/Controls/ControlRig_Octagon_1mm.uasset" 1135
"../../../Engine/Plugins/Animation/ControlRig/Content/Controls/ControlRig_Octagon_1mm.uexp" 1136
"../../../Engine/Plugins/Animation/ControlRig/Content/Controls/ControlRig_Octagon_3mm.ubulk" 1137
"../../../Engine/Plugins/Animation/ControlRig/Content/Controls/ControlRig_Octagon_3mm.uasset" 1138
"../../../Engine/Plugins/Animation/ControlRig/Content/Controls/ControlRig_Octagon_3mm.uexp" 1139
"../../../Engine/Plugins/Animation/ControlRig/Content/Controls/ControlRig_Octagon_solid.ubulk" 1140
"../../../Engine/Plugins/Animation/ControlRig/Content/Controls/ControlRig_Octagon_solid.uasset" 1141
"../../../Engine/Plugins/Animation/ControlRig/Content/Controls/ControlRig_Octagon_solid.uexp" 1142
"../../../Engine/Plugins/Animation/ControlRig/Content/Controls/ControlRig_Pyramid_1mm.ubulk" 1143
"../../../Engine/Plugins/Animation/ControlRig/Content/Controls/ControlRig_Pyramid_1mm.uasset" 1144
"../../../Engine/Plugins/Animation/ControlRig/Content/Controls/ControlRig_Pyramid_1mm.uexp" 1145
"../../../Engine/Plugins/Animation/ControlRig/Content/Controls/ControlRig_Pyramid_3mm.ubulk" 1146
"../../../Engine/Plugins/Animation/ControlRig/Content/Controls/ControlRig_Pyramid_3mm.uasset" 1147
"../../../Engine/Plugins/Animation/ControlRig/Content/Controls/ControlRig_Pyramid_3mm.uexp" 1148
"../../../Engine/Plugins/Animation/ControlRig/Content/Controls/ControlRig_Pyramid_solid.ubulk" 1149
"../../../Engine/Plugins/Animation/ControlRig/Content/Controls/ControlRig_Pyramid_solid.uasset" 1150
"../../../Engine/Plugins/Animation/ControlRig/Content/Controls/ControlRig_Pyramid_solid.uexp" 1151
"../../../Engine/Plugins/Animation/ControlRig/Content/Controls/ControlRig_QuarterCircle_1mm.ubulk" 1152
"../../../Engine/Plugins/Animation/ControlRig/Content/Controls/ControlRig_QuarterCircle_1mm.uasset" 1153
"../../../Engine/Plugins/Animation/ControlRig/Content/Controls/ControlRig_QuarterCircle_1mm.uexp" 1154
"../../../Engine/Plugins/Animation/ControlRig/Content/Controls/ControlRig_QuarterCircle_3mm.ubulk" 1155
"../../../Engine/Plugins/Animation/ControlRig/Content/Controls/ControlRig_QuarterCircle_3mm.uasset" 1156
"../../../Engine/Plugins/Animation/ControlRig/Content/Controls/ControlRig_QuarterCircle_3mm.uexp" 1157
"../../../Engine/Plugins/Animation/ControlRig/Content/Controls/ControlRig_QuarterCircle_solid.ubulk" 1158
"../../../Engine/Plugins/Animation/ControlRig/Content/Controls/ControlRig_QuarterCircle_solid.uasset" 1159
"../../../Engine/Plugins/Animation/ControlRig/Content/Controls/ControlRig_QuarterCircle_solid.uexp" 1160
"../../../Engine/Plugins/Animation/ControlRig/Content/Controls/ControlRig_RoundedSquare_1mm.ubulk" 1161
"../../../Engine/Plugins/Animation/ControlRig/Content/Controls/ControlRig_RoundedSquare_1mm.uasset" 1162
"../../../Engine/Plugins/Animation/ControlRig/Content/Controls/ControlRig_RoundedSquare_1mm.uexp" 1163
"../../../Engine/Plugins/Animation/ControlRig/Content/Controls/ControlRig_RoundedSquare_3mm.ubulk" 1164
"../../../Engine/Plugins/Animation/ControlRig/Content/Controls/ControlRig_RoundedSquare_3mm.uasset" 1165
"../../../Engine/Plugins/Animation/ControlRig/Content/Controls/ControlRig_RoundedSquare_3mm.uexp" 1166
"../../../Engine/Plugins/Animation/ControlRig/Content/Controls/ControlRig_RoundedSquare_solid.ubulk" 1167
"../../../Engine/Plugins/Animation/ControlRig/Content/Controls/ControlRig_RoundedSquare_solid.uasset" 1168
"../../../Engine/Plugins/Animation/ControlRig/Content/Controls/ControlRig_RoundedSquare_solid.uexp" 1169
"../../../Engine/Plugins/Animation/ControlRig/Content/Controls/ControlRig_RoundedTriangle_1mm.ubulk" 1170
"../../../Engine/Plugins/Animation/ControlRig/Content/Controls/ControlRig_RoundedTriangle_1mm.uasset" 1171
"../../../Engine/Plugins/Animation/ControlRig/Content/Controls/ControlRig_RoundedTriangle_1mm.uexp" 1172
"../../../Engine/Plugins/Animation/ControlRig/Content/Controls/ControlRig_RoundedTriangle_3mm.ubulk" 1173
"../../../Engine/Plugins/Animation/ControlRig/Content/Controls/ControlRig_RoundedTriangle_3mm.uasset" 1174
"../../../Engine/Plugins/Animation/ControlRig/Content/Controls/ControlRig_RoundedTriangle_3mm.uexp" 1175
"../../../Engine/Plugins/Animation/ControlRig/Content/Controls/ControlRig_RoundedTriangle_solid.ubulk" 1176
"../../../Engine/Plugins/Animation/ControlRig/Content/Controls/ControlRig_RoundedTriangle_solid.uasset" 1177
"../../../Engine/Plugins/Animation/ControlRig/Content/Controls/ControlRig_RoundedTriangle_solid.uexp" 1178
"../../../Engine/Plugins/Animation/ControlRig/Content/Controls/ControlRig_Sphere_1mm.ubulk" 1179
"../../../Engine/Plugins/Animation/ControlRig/Content/Controls/ControlRig_Sphere_1mm.uasset" 1180
"../../../Engine/Plugins/Animation/ControlRig/Content/Controls/ControlRig_Sphere_1mm.uexp" 1181
"../../../Engine/Plugins/Animation/ControlRig/Content/Controls/ControlRig_Sphere_3mm.ubulk" 1182
"../../../Engine/Plugins/Animation/ControlRig/Content/Controls/ControlRig_Sphere_3mm.uasset" 1183
"../../../Engine/Plugins/Animation/ControlRig/Content/Controls/ControlRig_Sphere_3mm.uexp" 1184
"../../../Engine/Plugins/Animation/ControlRig/Content/Controls/ControlRig_Sphere_solid.ubulk" 1185
"../../../Engine/Plugins/Animation/ControlRig/Content/Controls/ControlRig_Sphere_solid.uasset" 1186
"../../../Engine/Plugins/Animation/ControlRig/Content/Controls/ControlRig_Sphere_solid.uexp" 1187
"../../../Engine/Plugins/Animation/ControlRig/Content/Controls/ControlRig_Square_1mm.ubulk" 1188
"../../../Engine/Plugins/Animation/ControlRig/Content/Controls/ControlRig_Square_1mm.uasset" 1189
"../../../Engine/Plugins/Animation/ControlRig/Content/Controls/ControlRig_Square_1mm.uexp" 1190
"../../../Engine/Plugins/Animation/ControlRig/Content/Controls/ControlRig_Square_3mm.ubulk" 1191
"../../../Engine/Plugins/Animation/ControlRig/Content/Controls/ControlRig_Square_3mm.uasset" 1192
"../../../Engine/Plugins/Animation/ControlRig/Content/Controls/ControlRig_Square_3mm.uexp" 1193
"../../../Engine/Plugins/Animation/ControlRig/Content/Controls/ControlRig_Square_solid.ubulk" 1194
"../../../Engine/Plugins/Animation/ControlRig/Content/Controls/ControlRig_Square_solid.uasset" 1195
"../../../Engine/Plugins/Animation/ControlRig/Content/Controls/ControlRig_Square_solid.uexp" 1196
"../../../Engine/Plugins/Animation/ControlRig/Content/Controls/ControlRig_Star4_1mm.ubulk" 1197
"../../../Engine/Plugins/Animation/ControlRig/Content/Controls/ControlRig_Star4_1mm.uasset" 1198
"../../../Engine/Plugins/Animation/ControlRig/Content/Controls/ControlRig_Star4_1mm.uexp" 1199
"../../../Engine/Plugins/Animation/ControlRig/Content/Controls/ControlRig_Star4_3mm.ubulk" 1200
"../../../Engine/Plugins/Animation/ControlRig/Content/Controls/ControlRig_Star4_3mm.uasset" 1201
"../../../Engine/Plugins/Animation/ControlRig/Content/Controls/ControlRig_Star4_3mm.uexp" 1202
"../../../Engine/Plugins/Animation/ControlRig/Content/Controls/ControlRig_Star4_solid.ubulk" 1203
"../../../Engine/Plugins/Animation/ControlRig/Content/Controls/ControlRig_Star4_solid.uasset" 1204
"../../../Engine/Plugins/Animation/ControlRig/Content/Controls/ControlRig_Star4_solid.uexp" 1205
"../../../Engine/Plugins/Animation/ControlRig/Content/Controls/ControlRig_Triangle_1mm.ubulk" 1206
"../../../Engine/Plugins/Animation/ControlRig/Content/Controls/ControlRig_Triangle_1mm.uasset" 1207
"../../../Engine/Plugins/Animation/ControlRig/Content/Controls/ControlRig_Triangle_1mm.uexp" 1208
"../../../Engine/Plugins/Animation/ControlRig/Content/Controls/ControlRig_Triangle_3mm.ubulk" 1209
"../../../Engine/Plugins/Animation/ControlRig/Content/Controls/ControlRig_Triangle_3mm.uasset" 1210
"../../../Engine/Plugins/Animation/ControlRig/Content/Controls/ControlRig_Triangle_3mm.uexp" 1211
"../../../Engine/Plugins/Animation/ControlRig/Content/Controls/ControlRig_Triangle_solid.ubulk" 1212
"../../../Engine/Plugins/Animation/ControlRig/Content/Controls/ControlRig_Triangle_solid.uasset" 1213
"../../../Engine/Plugins/Animation/ControlRig/Content/Controls/ControlRig_Triangle_solid.uexp" 1214
"../../../Engine/Plugins/Animation/ControlRig/Content/Controls/ControlRig_Wedge_1mm.ubulk" 1215
"../../../Engine/Plugins/Animation/ControlRig/Content/Controls/ControlRig_Wedge_1mm.uasset" 1216
"../../../Engine/Plugins/Animation/ControlRig/Content/Controls/ControlRig_Wedge_1mm.uexp" 1217
"../../../Engine/Plugins/Animation/ControlRig/Content/Controls/ControlRig_Wedge_3mm.ubulk" 1218
"../../../Engine/Plugins/Animation/ControlRig/Content/Controls/ControlRig_Wedge_3mm.uasset" 1219
"../../../Engine/Plugins/Animation/ControlRig/Content/Controls/ControlRig_Wedge_3mm.uexp" 1220
"../../../Engine/Plugins/Animation/ControlRig/Content/Controls/ControlRig_Wedge_solid.ubulk" 1221
"../../../Engine/Plugins/Animation/ControlRig/Content/Controls/ControlRig_Wedge_solid.uasset" 1222
"../../../Engine/Plugins/Animation/ControlRig/Content/Controls/ControlRig_Wedge_solid.uexp" 1223
"../../../Engine/Plugins/Media/MediaPlate/Content/SM_MediaPlateScreen.ubulk" 1224
"../../../Engine/Plugins/Media/MediaPlate/Content/SM_MediaPlateScreen.uasset" 1225
"../../../Engine/Plugins/Media/MediaPlate/Content/SM_MediaPlateScreen.uexp" 1226
"../../../Engine/Content/Functions/Engine_MaterialFunctions01/Gradient/GeneratedRoundRect.uasset" 1227
"../../../Engine/Content/Functions/Engine_MaterialFunctions01/Gradient/GeneratedRoundRect.uexp" 1228
"../../../Engine/Content/Functions/Engine_MaterialFunctions01/Gradient/SphereGradient-2D.uasset" 1229
"../../../Engine/Content/Functions/Engine_MaterialFunctions01/Gradient/SphereGradient-2D.uexp" 1230
"../../../Engine/Plugins/Runtime/AudioWidgets/Content/AudioMaterialSlate/Functions/MF_DotOutlined.uasset" 1231
"../../../Engine/Plugins/Runtime/AudioWidgets/Content/AudioMaterialSlate/Functions/MF_DotOutlined.uexp" 1232
"../../../Engine/Plugins/Runtime/AudioWidgets/Content/AudioMaterialSlate/M_AudioMaterialEnvelope_ADSR.uasset" 1233
"../../../Engine/Plugins/Runtime/AudioWidgets/Content/AudioMaterialSlate/M_AudioMaterialEnvelope_ADSR.uexp" 1234
"../../../Engine/Plugins/Runtime/AudioWidgets/Content/AudioMaterialSlate/MI_AudioMaterialEnvelope_ADSR.uasset" 1235
"../../../Engine/Plugins/Runtime/AudioWidgets/Content/AudioMaterialSlate/MI_AudioMaterialEnvelope_ADSR.uexp" 1236
"../../../Engine/Plugins/Runtime/AudioWidgets/Content/AudioMaterialSlate/Functions/MF_SingleLine_Smooth.uasset" 1237
"../../../Engine/Plugins/Runtime/AudioWidgets/Content/AudioMaterialSlate/Functions/MF_SingleLine_Smooth.uexp" 1238
"../../../Engine/Plugins/Runtime/AudioWidgets/Content/AudioMaterialSlate/Functions/MF_AngleGradient.uasset" 1239
"../../../Engine/Plugins/Runtime/AudioWidgets/Content/AudioMaterialSlate/Functions/MF_AngleGradient.uexp" 1240
"../../../Engine/Content/Functions/Engine_MaterialFunctions02/Lerp_3Color.uasset" 1241
"../../../Engine/Content/Functions/Engine_MaterialFunctions02/Lerp_3Color.uexp" 1242
"../../../Engine/Plugins/Runtime/AudioWidgets/Content/AudioMaterialSlate/M_AudioMaterialKnob.uasset" 1243
"../../../Engine/Plugins/Runtime/AudioWidgets/Content/AudioMaterialSlate/M_AudioMaterialKnob.uexp" 1244
"../../../Engine/Plugins/Runtime/AudioWidgets/Content/AudioMaterialSlate/MI_AudioMaterialKnob.uasset" 1245
"../../../Engine/Plugins/Runtime/AudioWidgets/Content/AudioMaterialSlate/MI_AudioMaterialKnob.uexp" 1246
"../../../Engine/Plugins/Runtime/AudioWidgets/Content/AudioMaterialSlate/Functions/MF_Lines.uasset" 1247
"../../../Engine/Plugins/Runtime/AudioWidgets/Content/AudioMaterialSlate/Functions/MF_Lines.uexp" 1248
"../../../Engine/Plugins/Runtime/AudioWidgets/Content/AudioMaterialSlate/M_AudioMaterialMeter.uasset" 1249
"../../../Engine/Plugins/Runtime/AudioWidgets/Content/AudioMaterialSlate/M_AudioMaterialMeter.uexp" 1250
"../../../Engine/Plugins/Runtime/AudioWidgets/Content/AudioMaterialSlate/MI_AudioMaterialMeter.uasset" 1251
"../../../Engine/Plugins/Runtime/AudioWidgets/Content/AudioMaterialSlate/MI_AudioMaterialMeter.uexp" 1252
"../../../Engine/Plugins/Runtime/AudioWidgets/Content/AudioMaterialSlate/M_AudioMaterialRoundedSlider.uasset" 1253
"../../../Engine/Plugins/Runtime/AudioWidgets/Content/AudioMaterialSlate/M_AudioMaterialRoundedSlider.uexp" 1254
"../../../Engine/Plugins/Runtime/AudioWidgets/Content/AudioMaterialSlate/MI_AudioMaterialRoundedSlider.uasset" 1255
"../../../Engine/Plugins/Runtime/AudioWidgets/Content/AudioMaterialSlate/MI_AudioMaterialRoundedSlider.uexp" 1256
"../../../Engine/Plugins/Runtime/AudioWidgets/Content/AudioMaterialSlate/Functions/MF_SingleLine.uasset" 1257
"../../../Engine/Plugins/Runtime/AudioWidgets/Content/AudioMaterialSlate/Functions/MF_SingleLine.uexp" 1258
"../../../Engine/Plugins/Runtime/AudioWidgets/Content/AudioMaterialSlate/M_AudioMaterialToggleButton.uasset" 1259
"../../../Engine/Plugins/Runtime/AudioWidgets/Content/AudioMaterialSlate/M_AudioMaterialToggleButton.uexp" 1260
"../../../Engine/Plugins/Runtime/AudioWidgets/Content/AudioMaterialSlate/MI_AudioMaterialToggleButton.uasset" 1261
"../../../Engine/Plugins/Runtime/AudioWidgets/Content/AudioMaterialSlate/MI_AudioMaterialToggleButton.uexp" 1262
"../../../Engine/Content/EngineSky/T_Sky_Stars.ubulk" 1263
"../../../Engine/Content/EngineSky/T_Sky_Stars.uasset" 1264
"../../../Engine/Content/EngineSky/T_Sky_Stars.uexp" 1265
"../../../Engine/Content/EngineSky/T_Sky_Clouds_M.ubulk" 1266
"../../../Engine/Content/EngineSky/T_Sky_Clouds_M.uasset" 1267
"../../../Engine/Content/EngineSky/T_Sky_Clouds_M.uexp" 1268
"../../../Engine/Content/EngineSky/T_Sky_Blue.ubulk" 1269
"../../../Engine/Content/EngineSky/T_Sky_Blue.uasset" 1270
"../../../Engine/Content/EngineSky/T_Sky_Blue.uexp" 1271
"../../../Engine/Content/EngineSky/M_Sky_Panning_Clouds2.uasset" 1272
"../../../Engine/Content/EngineSky/M_Sky_Panning_Clouds2.uexp" 1273
"../../../Engine/Content/EngineSky/SM_SkySphere.ubulk" 1274
"../../../Engine/Content/EngineSky/SM_SkySphere.uasset" 1275
"../../../Engine/Content/EngineSky/SM_SkySphere.uexp" 1276
"../../../Engine/Content/EngineSky/M_SimpleSkyDome.uasset" 1277
"../../../Engine/Content/EngineSky/M_SimpleSkyDome.uexp" 1278
"../../../Engine/Content/BasicShapes/Cube.ubulk" 1279
"../../../Engine/Content/BasicShapes/Cube.uasset" 1280
"../../../Engine/Content/BasicShapes/Cube.uexp" 1281
"../../../Engine/Content/EngineDebugMaterials/BlackUnlitMaterial.uasset" 1282
"../../../Engine/Content/EngineDebugMaterials/BlackUnlitMaterial.uexp" 1283
"../../../Engine/Content/EngineResources/LandscapeVisibilityLayerInfo.uasset" 1284
"../../../Engine/Content/EngineResources/LandscapeVisibilityLayerInfo.uexp" 1285
"../../../Engine/Content/VREditor/TransformGizmo/StartRotationHandleIndicator.ubulk" 1286
"../../../Engine/Content/VREditor/TransformGizmo/StartRotationHandleIndicator.uasset" 1287
"../../../Engine/Content/VREditor/TransformGizmo/StartRotationHandleIndicator.uexp" 1288
"../../../Engine/Content/VREditor/Sounds/UI/Drop_Item_From_ContentBrowser.ubulk" 1289
"../../../Engine/Content/VREditor/Sounds/UI/Drop_Item_From_ContentBrowser.uasset" 1290
"../../../Engine/Content/VREditor/Sounds/UI/Drop_Item_From_ContentBrowser.uexp" 1291
"../../../Engine/Content/VREditor/TransformGizmo/PlaneTranslationHandle.ubulk" 1292
"../../../Engine/Content/VREditor/TransformGizmo/PlaneTranslationHandle.uasset" 1293
"../../../Engine/Content/VREditor/TransformGizmo/PlaneTranslationHandle.uexp" 1294
"../../../Engine/Content/VREditor/Sounds/UI/Object_Snaps_To_Grid.ubulk" 1295
"../../../Engine/Content/VREditor/Sounds/UI/Object_Snaps_To_Grid.uasset" 1296
"../../../Engine/Content/VREditor/Sounds/UI/Object_Snaps_To_Grid.uexp" 1297
"../../../Engine/Content/VREditor/Sounds/UI/Selection_Changes.ubulk" 1298
"../../../Engine/Content/VREditor/Sounds/UI/Selection_Changes.uasset" 1299
"../../../Engine/Content/VREditor/Sounds/UI/Selection_Changes.uexp" 1300
"../../../Engine/Content/VREditor/Sounds/UI/Object_Snaps_To_Another_Actor.ubulk" 1301
"../../../Engine/Content/VREditor/Sounds/UI/Object_Snaps_To_Another_Actor.uasset" 1302
"../../../Engine/Content/VREditor/Sounds/UI/Object_Snaps_To_Another_Actor.uexp" 1303
"../../../Engine/Content/VREditor/TransformGizmo/TranslucentTransformGizmoMaterial_Inst.uasset" 1304
"../../../Engine/Content/VREditor/TransformGizmo/TranslucentTransformGizmoMaterial_Inst.uexp" 1305
"../../../Engine/Content/VREditor/TransformGizmo/TransformGizmoFreeRotation.ubulk" 1306
"../../../Engine/Content/VREditor/TransformGizmo/TransformGizmoFreeRotation.uasset" 1307
"../../../Engine/Content/VREditor/TransformGizmo/TransformGizmoFreeRotation.uexp" 1308
"../../../Engine/Content/VREditor/Sounds/UI/Scaling_Down.ubulk" 1309
"../../../Engine/Content/VREditor/Sounds/UI/Scaling_Down.uasset" 1310
"../../../Engine/Content/VREditor/Sounds/UI/Scaling_Down.uexp" 1311
"../../../Engine/Content/Functions/Engine_MaterialFunctions02/SplitComponents.uasset" 1312
"../../../Engine/Content/Functions/Engine_MaterialFunctions02/SplitComponents.uexp" 1313
"../../../Engine/Content/VREditor/SnapGrid/SnapGridMaterial.uasset" 1314
"../../../Engine/Content/VREditor/SnapGrid/SnapGridMaterial.uexp" 1315
"../../../Engine/Content/VREditor/SnapGrid/SnapGridPlaneMesh.ubulk" 1316
"../../../Engine/Content/VREditor/SnapGrid/SnapGridPlaneMesh.uasset" 1317
"../../../Engine/Content/VREditor/SnapGrid/SnapGridPlaneMesh.uexp" 1318
"../../../Engine/Content/VREditor/Sounds/UI/Scaling_Up.ubulk" 1319
"../../../Engine/Content/VREditor/Sounds/UI/Scaling_Up.uasset" 1320
"../../../Engine/Content/VREditor/Sounds/UI/Scaling_Up.uexp" 1321
"../../../Engine/Content/VREditor/TransformGizmo/TransformGizmoMaterial_Inst.uasset" 1322
"../../../Engine/Content/VREditor/TransformGizmo/TransformGizmoMaterial_Inst.uexp" 1323
"../../../Engine/Content/VREditor/Sounds/UI/Gizmo_Handle_Clicked.ubulk" 1324
"../../../Engine/Content/VREditor/Sounds/UI/Gizmo_Handle_Clicked.uasset" 1325
"../../../Engine/Content/VREditor/Sounds/UI/Gizmo_Handle_Clicked.uexp" 1326
"../../../Engine/Content/VREditor/TransformGizmo/RotationHandleQuarter.ubulk" 1327
"../../../Engine/Content/VREditor/TransformGizmo/RotationHandleQuarter.uasset" 1328
"../../../Engine/Content/VREditor/TransformGizmo/RotationHandleQuarter.uexp" 1329
"../../../Engine/Content/VREditor/TransformGizmo/TranslateArrowHandle.ubulk" 1330
"../../../Engine/Content/VREditor/TransformGizmo/TranslateArrowHandle.uasset" 1331
"../../../Engine/Content/VREditor/TransformGizmo/TranslateArrowHandle.uexp" 1332
"../../../Engine/Content/VREditor/TransformGizmo/RotationHandleIndicator.ubulk" 1333
"../../../Engine/Content/VREditor/TransformGizmo/RotationHandleIndicator.uasset" 1334
"../../../Engine/Content/VREditor/TransformGizmo/RotationHandleIndicator.uexp" 1335
"../../../Engine/Content/VREditor/TransformGizmo/UniformScaleHandle.ubulk" 1336
"../../../Engine/Content/VREditor/TransformGizmo/UniformScaleHandle.uasset" 1337
"../../../Engine/Content/VREditor/TransformGizmo/UniformScaleHandle.uexp" 1338
"../../../Engine/Content/VREditor/TransformGizmo/RotationHandleFull.ubulk" 1339
"../../../Engine/Content/VREditor/TransformGizmo/RotationHandleFull.uasset" 1340
"../../../Engine/Content/VREditor/TransformGizmo/RotationHandleFull.uexp" 1341
"../../../Engine/Content/VREditor/Sounds/UI/Object_PickUp.ubulk" 1342
"../../../Engine/Content/VREditor/Sounds/UI/Object_PickUp.uasset" 1343
"../../../Engine/Content/VREditor/Sounds/UI/Object_PickUp.uexp" 1344
"../../../Engine/Plugins/Animation/DeformerGraph/Content/DeformerFunctions/DG_Function_ComputeNormalsTangents.uasset" 1345
"../../../Engine/Plugins/Animation/DeformerGraph/Content/DeformerFunctions/DG_Function_ComputeNormalsTangents.uexp" 1346
"../../../Engine/Plugins/Animation/DeformerGraph/Content/DeformerFunctions/DG_Function_LinearBlendSkin_Morph_Cloth.uasset" 1347
"../../../Engine/Plugins/Animation/DeformerGraph/Content/DeformerFunctions/DG_Function_LinearBlendSkin_Morph_Cloth.uexp" 1348
"../../../Engine/Plugins/Animation/DeformerGraph/Content/DeformerFunctions/DG_Function_LinearBlendSkin_Morph_Cloth_PositionOnly.uasset" 1349
"../../../Engine/Plugins/Animation/DeformerGraph/Content/DeformerFunctions/DG_Function_LinearBlendSkin_Morph_Cloth_PositionOnly.uexp" 1350
"../../../Engine/Plugins/Animation/DeformerGraph/Content/Deformers/DG_LinearBlendSkin_Morph_Cloth.uasset" 1351
"../../../Engine/Plugins/Animation/DeformerGraph/Content/Deformers/DG_LinearBlendSkin_Morph_Cloth.uexp" 1352
"../../../Engine/Plugins/Animation/DeformerGraph/Content/Deformers/DG_LinearBlendSkin_Morph_Cloth_RecomputeNormals.uasset" 1353
"../../../Engine/Plugins/Animation/DeformerGraph/Content/Deformers/DG_LinearBlendSkin_Morph_Cloth_RecomputeNormals.uexp" 1354
"../../../Engine/Plugins/NNE/NNEDenoiser/Content/NNEDT_Oidn2-3_Balanced.uasset" 1355
"../../../Engine/Plugins/NNE/NNEDenoiser/Content/NNEDT_Oidn2-3_Balanced.uexp" 1356
"../../../Engine/Plugins/NNE/NNEDenoiser/Content/NNEDT_Oidn2-3_Balanced_Alpha.uasset" 1357
"../../../Engine/Plugins/NNE/NNEDenoiser/Content/NNEDT_Oidn2-3_Balanced_Alpha.uexp" 1358
"../../../Engine/Plugins/NNE/NNEDenoiser/Content/NNED_Oidn2-3_Balanced.uasset" 1359
"../../../Engine/Plugins/NNE/NNEDenoiser/Content/NNED_Oidn2-3_Balanced.uexp" 1360
"../../../Engine/Plugins/NNE/NNEDenoiser/Content/NNED_Oidn2-3_Balanced_Alpha.uasset" 1361
"../../../Engine/Plugins/NNE/NNEDenoiser/Content/NNED_Oidn2-3_Balanced_Alpha.uexp" 1362
"../../../Engine/Plugins/NNE/NNEDenoiser/Content/NNED_Oidn2-3_Fast.uasset" 1363
"../../../Engine/Plugins/NNE/NNEDenoiser/Content/NNED_Oidn2-3_Fast.uexp" 1364
"../../../Engine/Plugins/NNE/NNEDenoiser/Content/NNED_Oidn2-3_Fast_Alpha.uasset" 1365
"../../../Engine/Plugins/NNE/NNEDenoiser/Content/NNED_Oidn2-3_Fast_Alpha.uexp" 1366
"../../../Engine/Plugins/NNE/NNEDenoiser/Content/NNED_Oidn2-3_HighQuality.uasset" 1367
"../../../Engine/Plugins/NNE/NNEDenoiser/Content/NNED_Oidn2-3_HighQuality.uexp" 1368
"../../../Engine/Plugins/NNE/NNEDenoiser/Content/NNED_Oidn2-3_HighQuality_Alpha.uasset" 1369
"../../../Engine/Plugins/NNE/NNEDenoiser/Content/NNED_Oidn2-3_HighQuality_Alpha.uexp" 1370
"../../../Engine/Plugins/NNE/NNEDenoiser/Content/NNE_oidn2-3-0_rt_hdr_alb_nrm_small__dyn__fp16_opset11_DenoiseAlpha.uasset" 1371
"../../../Engine/Plugins/NNE/NNEDenoiser/Content/NNE_oidn2-3-0_rt_hdr_alb_nrm_small__dyn__fp16_opset11_DenoiseAlpha.uexp" 1372
"../../../Engine/Plugins/NNE/NNEDenoiser/Content/NNE_oidn2-3-0_rt_hdr_alb_nrm_small__dyn__fp16_opset11_ForwardAlpha.uasset" 1373
"../../../Engine/Plugins/NNE/NNEDenoiser/Content/NNE_oidn2-3-0_rt_hdr_alb_nrm_small__dyn__fp16_opset11_ForwardAlpha.uexp" 1374
"../../../Engine/Plugins/NNE/NNEDenoiser/Content/NNE_oidn2-3-0_rt_hdr_alb_nrm__dyn__fp16_opset11_DenoiseAlpha.uasset" 1375
"../../../Engine/Plugins/NNE/NNEDenoiser/Content/NNE_oidn2-3-0_rt_hdr_alb_nrm__dyn__fp16_opset11_DenoiseAlpha.uexp" 1376
"../../../Engine/Plugins/NNE/NNEDenoiser/Content/NNE_oidn2-3-0_rt_hdr_alb_nrm__dyn__fp16_opset11_ForwardAlpha.uasset" 1377
"../../../Engine/Plugins/NNE/NNEDenoiser/Content/NNE_oidn2-3-0_rt_hdr_alb_nrm__dyn__fp16_opset11_ForwardAlpha.uexp" 1378
"../../../Engine/Plugins/NNE/NNEDenoiser/Content/NNE_oidn2-3-0_rt_hdr_calb_cnrm_large__dyn__fp16_opset11_DenoiseAlpha.uasset" 1379
"../../../Engine/Plugins/NNE/NNEDenoiser/Content/NNE_oidn2-3-0_rt_hdr_calb_cnrm_large__dyn__fp16_opset11_DenoiseAlpha.uexp" 1380
"../../../Engine/Plugins/NNE/NNEDenoiser/Content/NNE_oidn2-3-0_rt_hdr_calb_cnrm_large__dyn__fp16_opset11_ForwardAlpha.uasset" 1381
"../../../Engine/Plugins/NNE/NNEDenoiser/Content/NNE_oidn2-3-0_rt_hdr_calb_cnrm_large__dyn__fp16_opset11_ForwardAlpha.uexp" 1382
"C:/Users/dobr0/OneDrive/Documents/PrototypesAndSkillBox/Projects/Rhythm_Prototype/Content/RhythmGame/Blueprints/BP_ThirdPersonGameMode.uasset" 1383
"C:/Users/dobr0/OneDrive/Documents/PrototypesAndSkillBox/Projects/Rhythm_Prototype/Content/RhythmGame/Blueprints/BP_ThirdPersonGameMode.uexp" 1384
"C:/Users/dobr0/OneDrive/Documents/PrototypesAndSkillBox/Projects/Rhythm_Prototype/Content/RhythmGame/Maps/ThirdPersonMap.uexp" 1385
"C:/Users/dobr0/OneDrive/Documents/PrototypesAndSkillBox/Projects/Rhythm_Prototype/Content/RhythmGame/Maps/ThirdPersonMap.umap" 1386
"../../../Engine/Content/Maps/Entry_BuiltData.uasset" 1387
"../../../Engine/Content/Maps/Entry_BuiltData.uexp" 1388
"../../../Engine/Content/Maps/Entry.uexp" 1389
"../../../Engine/Content/Maps/Entry.umap" 1390
